"Common name","Scientific name",Subspecies,Recordist,Date,Time,Location,Country,Latitude,Longitude,Elevation,Songtype,Remarks,Back_latin,"Catalogue number",License
"Greylag Goose","Anser anser",,"Sunny Tseng",2025-05-07,07:00,"Zuvintas Biosphere",Lithuania,54.4573,23.6364,80,call,"Audio processed by -3dB normalization and 300 Hz (6dB) high-pass filter",,1152263,https://creativecommons.org/licenses/by-nc-sa/4.0/
"Greylag Goose","Anser anser",,"Stephan Risch",2024-06-20,17:00,"Kintai Fish Ponds S near Suvernai",Lithuania,,,0,call,,,921890,https://creativecommons.org/licenses/by-nc-sa/4.0/
"Whooper Swan","Cygnus cygnus",,"Sunny Tseng",2025-05-07,16:00,"Zuvintas Biosphere (lake shore)",Lithuania,54.461,23.6435,80,call,"Audio processed by high-pass filter (300 Hz 6dB) and normalization (-3dB)",,1152320,https://creativecommons.org/licenses/by-nc-sa/4.0/
Mallard,"Anas platyrhynchos",,"Sunny Tseng",2025-05-11,07:00,"Nida (reed area)",Lithuania,55.3117,21.0123,0,call,"Audio processed by normalization (-3dB) and high-pass filter (300 Hz, 6dB). ",,1152613,https://creativecommons.org/licenses/by-nc-sa/4.0/
Mallard,"Anas platyrhynchos",,"Igoris S.",2024-04-06,21:00,"Kintų seniūnija (near  Sakūčiai), Šilutė District Municipality, Klaipėda County",Lithuania,55.4448,21.377,0,"alarm call","Normalized with -3 dB in order to make it louder.","Porzana porzana",896527,https://creativecommons.org/licenses/by-nc-sa/4.0/
Mallard,"Anas platyrhynchos",,"Sunny Tseng",2025-05-03,08:00,"Vilnius forest ",Lithuania,54.8457,25.3958,150,call,"Audio processed by Audacity: 3dB normalization and 300 Hz (6dB) high-pass filter",,1151581,https://creativecommons.org/licenses/by-nc-sa/4.0/
"European Nightjar","Caprimulgus europaeus",europaeus,"Lars Lachmann",2015-05-21,22:26,"Nemunas Delta area, Lithuania",Lithuania,55.3617,21.2163,0,song,"end of one strophe and complete second strophe","Turdus philomelos,Luscinia luscinia",245716,https://creativecommons.org/licenses/by-nc-sa/4.0/
"European Nightjar","Caprimulgus europaeus",europaeus,"Lars Lachmann",2015-05-21,22:23,"Nemunas Delta area, Lithuania",Lithuania,55.3617,21.2163,0,song,"very long strophe of song, very beginning is missing, but recorded part is 2:13 mins without break",,245715,https://creativecommons.org/licenses/by-nc-sa/4.0/
"European Nightjar","Caprimulgus europaeus",europaeus,"Lars Lachmann",2015-05-21,22:20,"Nemunas Delta area, Lithuania",Lithuania,55.3617,21.2163,0,"flight call, song, wing flapping","end of a strophe with bird taking off while singing with reduced speed and with wing flapping",,245712,https://creativecommons.org/licenses/by-nc-sa/4.0/
"Common Swift","Apus apus",,AFR,2017-07-28,11:00,"Vilnius, Vilniaus miesto savivaldybė, Vilniaus apskritis",Lithuania,54.6865,25.2881,100,"flight call",,,384545,https://creativecommons.org/licenses/by-nc-sa/4.0/
"Common Cuckoo","Cuculus canorus",,"Sunny Tseng",2025-05-07,16:00,"Zuvintas Biosphere (lake shore)",Lithuania,54.461,23.6435,80,song,"Audio processed by high-pass filter (300 Hz 6dB) and normalization (-3dB)",,1152316,https://creativecommons.org/licenses/by-nc-sa/4.0/
"Common Cuckoo","Cuculus canorus",,"Sunny Tseng",2025-05-07,16:00,"Zuvintas Biosphere (lake shore)",Lithuania,54.461,23.6435,80,song,"Audio processed by high-pass filter (300 Hz 6dB) and normalization (-3dB)",,1152315,https://creativecommons.org/licenses/by-nc-sa/4.0/
"Common Cuckoo","Cuculus canorus",,eddyp23,2024-06-09,10:00,"Baltosios Vokės seniūnija (near  Rudnia), Šalčininkų rajono savivaldybė, Vilniaus apskritis",Lithuania,54.4681,25.1278,130,call,,,1138811,https://creativecommons.org/licenses/by-nc-sa/4.0/
"Common Cuckoo","Cuculus canorus",,"Sunny Tseng",2025-05-07,16:00,"Zuvintas Biosphere (lake shore)",Lithuania,54.461,23.6435,80,song,"Audio processed by high-pass filter (300 Hz 6dB) and normalization (-3dB)",,1152321,https://creativecommons.org/licenses/by-nc-sa/4.0/
"Common Cuckoo","Cuculus canorus",,"Sunny Tseng",2025-05-07,16:00,"Zuvintas Biosphere (lake shore)",Lithuania,54.461,23.6435,80,song,"Audio processed by high-pass filter (300 Hz 6dB) and normalization (-3dB)",,1152317,https://creativecommons.org/licenses/by-nc-sa/4.0/
"Common Cuckoo","Cuculus canorus",,"Stephan Risch",2024-06-20,19:54,"Suverai and environment",Lithuania,55.3964,21.2547,0,song,,"Curruca communis",917645,https://creativecommons.org/licenses/by-nc-sa/4.0/
"Rock Dove","Columba livia",,"Aku Kalliomäki",2025-09-28,17:00,"Curonian spit",Lithuania,55.5569,21.1017,0,song,,,1070791,https://creativecommons.org/licenses/by-nc-sa/4.0/
"Common Wood Pigeon","Columba palumbus",,"Sunny Tseng",2025-05-11,12:00,"Juodkrantė (sound catcher)",Lithuania,55.5546,21.1164,50,song,"Audio processed by high-pass filter (300 Hz, 6dB) and normalization (-3dB). ",,1152664,https://creativecommons.org/licenses/by-nc-sa/4.0/
"Common Wood Pigeon","Columba palumbus",,"Sunny Tseng",2025-05-04,06:00,"Vilnius forest ",Lithuania,54.8457,25.3958,150,song,"Audio processed by -3dB normalization and 200 Hz (6dB) high-pass filter",,1152242,https://creativecommons.org/licenses/by-nc-sa/4.0/
"Common Wood Pigeon","Columba palumbus",,"Sunny Tseng",2025-05-03,08:00,"Vilnius forest ",Lithuania,54.8457,25.3958,150,song,"Audio processed by Audacity: 3dB normalization and 300 Hz (6dB) high-pass filter",,1151577,https://creativecommons.org/licenses/by-nc-sa/4.0/
"Common Wood Pigeon","Columba palumbus",,"Sunny Tseng",2025-05-03,08:00,"Vilnius forest ",Lithuania,54.8457,25.3958,150,song,"Audio processed by Audacity: 3dB normalization and 300 Hz (6dB) high-pass filter",,1151571,https://creativecommons.org/licenses/by-nc-sa/4.0/
"Common Wood Pigeon","Columba palumbus",,"Stephan Risch",2024-06-21,10:53,"Suverai and environment",Lithuania,55.3964,21.2547,0,song,,"Motacilla flava",917766,https://creativecommons.org/licenses/by-nc-sa/4.0/
"Corn Crake","Crex crex",,Gintaras,2022-06-20,17:07,"Paluknio seniūnija (near  Madžiūnai), Trakai District Municipality, Vilnius County",Lithuania,54.4421,24.9534,120,song,"Empty part in the middle of the recording was cut, otherwise not modified.
Meadow, near river.",,733159,https://creativecommons.org/licenses/by-nc-sa/4.0/
"Corn Crake","Crex crex",,"Lars Lachmann",2015-05-19,22:10,"Nemunas Delta area, Lithuania",Lithuania,55.3617,21.2163,0,song,song,"Acrocephalus schoenobaenus,Acrocephalus arundinaceus,Locustella luscinioides,Luscinia luscinia",245847,https://creativecommons.org/licenses/by-nc-sa/4.0/
"Corn Crake","Crex crex",,"Stephan Risch",2024-06-21,12:19,"Silute, near road to Vente",Lithuania,55.3812,21.2291,0,song,"Calling out of wasteland with tall grass and shrubs.",,917302,https://creativecommons.org/licenses/by-nc-sa/4.0/
"Common Crane","Grus grus",,"Sunny Tseng",2025-05-08,03:30,"Zuvintas Biosphere (crane site)",Lithuania,54.4474,23.6083,80,call,"Audio processed by high-pass filter (300Hz, 6dB) and normalization (-3dB). ",,1152690,https://creativecommons.org/licenses/by-nc-sa/4.0/
"Common Crane","Grus grus",,"Sunny Tseng",2025-05-09,07:00,"Zuvintas Biosphere",Lithuania,54.4474,23.6083,80,call,"Audio processed by -3dB normalization and 300 Hz (6dB) high-pass filter",,1152286,https://creativecommons.org/licenses/by-nc-sa/4.0/
"Common Crane","Grus grus",,"Sunny Tseng",2025-05-09,07:00,"Zuvintas Biosphere",Lithuania,54.4474,23.6083,80,call,"Audio processed by 3dB normalization and 300 Hz (6dB) high-pass filter",,1152277,https://creativecommons.org/licenses/by-nc-sa/4.0/
"Common Crane","Grus grus",,"Sunny Tseng",2025-05-07,16:00,"Zuvintas Biosphere (crane site)",Lithuania,54.4474,23.6083,80,call,"Audio processed by high-pass filter (300 Hz 6dB) and normalization (-3dB)",,1152314,https://creativecommons.org/licenses/by-nc-sa/4.0/
"Common Crane","Grus grus",,"Sunny Tseng",2025-05-07,07:00,"Zuvintas Biosphere",Lithuania,54.4573,23.6364,80,call,"Audio processed by -3dB normalization and 300 Hz (6dB) high-pass filter",,1152270,https://creativecommons.org/licenses/by-nc-sa/4.0/
"Common Crane","Grus grus",,"Stephan Risch",2024-06-21,10:50,"Suverai and environment",Lithuania,55.3964,21.2547,0,call,,"Alauda arvensis,Sterna hirundo",917764,https://creativecommons.org/licenses/by-nc-sa/4.0/
"Common Crane","Grus grus",,"Francesco Sottile",2018-07-04,18:24,"Paluknio seniūnija (near  Pakrempė), Trakų rajono savivaldybė, Vilniaus apskritis",Lithuania,54.4851,25.0948,150,call,,"Sylvia borin,Phylloscopus collybita",424122,https://creativecommons.org/licenses/by-nc-sa/4.0/
"Eurasian Woodcock","Scolopax rusticola",,"Lars Lachmann",2015-05-21,22:40,"Nemunas Delta area, Lithuania",Lithuania,55.3617,21.2163,0,"flight call, song","male calling during display flight, composite recording made from two separate recordings of two fly-pasts","Luscinia luscinia",245710,https://creativecommons.org/licenses/by-nc-sa/4.0/
"Common Snipe","Gallinago gallinago",,"Sunny Tseng",2025-05-09,07:00,"Zuvintas Biosphere",Lithuania,54.4474,23.6083,80,winnowing,"Audio processed by -3dB normalization and 300 Hz (6dB) high-pass filter",,1152288,https://creativecommons.org/licenses/by-nc-sa/4.0/
"Common Snipe","Gallinago gallinago",,"Sunny Tseng",2025-05-09,07:00,"Zuvintas Biosphere",Lithuania,54.4474,23.6083,80,winnowing,"Audio processed by -3dB normalization and 300 Hz (6dB) high-pass filter",,1152285,https://creativecommons.org/licenses/by-nc-sa/4.0/
"Common Snipe","Gallinago gallinago",,"Sunny Tseng",2025-05-09,07:00,"Zuvintas Biosphere",Lithuania,54.4474,23.6083,80,winnowing,"Audio processed by -3dB normalization and 300 Hz (6dB) high-pass filter",,1152284,https://creativecommons.org/licenses/by-nc-sa/4.0/
"Black-headed Gull","Chroicocephalus ridibundus",,"Sunny Tseng",2025-05-11,14:00,"Juodkrantė (Amber Bay)",Lithuania,55.5524,21.1264,0,call,,"Fringilla coelebs,Periparus ater,Phylloscopus sibilatrix",1152687,https://creativecommons.org/licenses/by-nc-sa/4.0/
"Black-headed Gull","Chroicocephalus ridibundus",,"Sunny Tseng",2025-05-11,14:00,"Juodkrantė (Amber Bay)",Lithuania,55.5524,21.1264,0,call,,"Fringilla coelebs,Periparus ater,Phylloscopus sibilatrix",1152686,https://creativecommons.org/licenses/by-nc-sa/4.0/
"Black-headed Gull","Chroicocephalus ridibundus",,"Sunny Tseng",2025-05-11,14:00,"Juodkrantė (Amber Bay)",Lithuania,55.5524,21.1264,0,call,,"Fringilla coelebs,Periparus ater,Phylloscopus sibilatrix",1152685,https://creativecommons.org/licenses/by-nc-sa/4.0/
"Black-headed Gull","Chroicocephalus ridibundus",,"Sunny Tseng",2025-05-07,06:30,"Zuvintas Biosphere",Lithuania,54.4573,23.6364,80,call,"Audio processed by -3dB normalization and 300 Hz (6dB) high-pass filter",,1152254,https://creativecommons.org/licenses/by-nc-sa/4.0/
"Black-headed Gull","Chroicocephalus ridibundus",,"Lars Lachmann",2015-05-19,21:52,"Nemunas Delta area, Lithuania",Lithuania,55.3617,21.2163,0,"call, flight call","short calls (excitement calls?) given by one individual first from ground, then taking off and circling, two typical long calls also given",,245729,https://creativecommons.org/licenses/by-nc-sa/4.0/
"Caspian Gull","Larus cachinnans",,"Aku Kalliomäki",2025-09-25,19:00,"Curonian spit",Lithuania,55.5569,21.1017,0,"begging call, call, flight call, long-call, short-call","Flying and swimming around a fish gutter in a harbor.  About 20 large gulls including mostly cachinnans.",,1069951,https://creativecommons.org/licenses/by-nc-sa/4.0/
"Caspian Gull","Larus cachinnans",,"Aku Kalliomäki",2025-09-25,19:00,"Curonian spit",Lithuania,55.5569,21.1017,0,"call, long-call","Flying and swimming around a fish gutter in a harbor. ",,1069949,https://creativecommons.org/licenses/by-nc-sa/4.0/
"Caspian Gull","Larus cachinnans",,"Aku Kalliomäki",2025-09-25,19:00,"Curonian spit",Lithuania,55.5569,21.1017,0,"begging call, call, long-call, short-call","Flying and swimming around a fish gutter in a harbor. About 20 large gulls including mostly cachinnans.",,1069948,https://creativecommons.org/licenses/by-nc-sa/4.0/
"Caspian Gull","Larus cachinnans",,"Aku Kalliomäki",2025-09-25,19:00,"Curonian spit",Lithuania,55.5569,21.1017,0,"begging call, call","Flying and swimming around a fish gutter in a harbor. ",,1069947,https://creativecommons.org/licenses/by-nc-sa/4.0/
"Caspian Gull","Larus cachinnans",,"Aku Kalliomäki",2025-09-25,19:00,"Curonian spit",Lithuania,55.5569,21.1017,0,"begging call, call","Flying and swimming around a fish gutter in a harbor. ",,1069946,https://creativecommons.org/licenses/by-nc-sa/4.0/
"Common Tern","Sterna hirundo",,"Sunny Tseng",2025-05-03,08:00,"Vilnius forest ",Lithuania,54.8457,25.3958,150,call,"Audio processed by Audacity: 3dB normalization and 300 Hz (6dB) high-pass filter. ",,1151584,https://creativecommons.org/licenses/by-nc-sa/4.0/
"Common Tern","Sterna hirundo",,"Stephan Risch",2024-06-20,12:25,"Suverai and environment",Lithuania,55.3964,21.2547,0,call,"Flying over from Kintai fish ponds to the Kuronian Lagoon.",,917648,https://creativecommons.org/licenses/by-nc-sa/4.0/
"Common Tern","Sterna hirundo",,"Stephan Risch",2024-06-20,15:52,"Kintai Fish Ponds S near Suvernai",Lithuania,55.3922,21.2653,0,"alarm call, call, flight call",,,917646,https://creativecommons.org/licenses/by-nc-sa/4.0/
"White Stork","Ciconia ciconia",,"Sunny Tseng",2025-05-11,07:00,"Nida (reed area)",Lithuania,55.3117,21.0123,0,"bill clapping","Audio processed by normalization (-3dB) and high-pass filter (300 Hz, 6dB). ",,1152605,https://creativecommons.org/licenses/by-nc-sa/4.0/
"Great Cormorant","Phalacrocorax carbo",,"Sunny Tseng",2025-05-11,12:00,"Juodkrantės (cormorant colony)",Lithuania,55.5188,21.1118,20,call,"Audio processed by high-pass filter (300 Hz, 6dB) and normalization (-3dB). ",,1152644,https://creativecommons.org/licenses/by-nc-sa/4.0/
"Great Cormorant","Phalacrocorax carbo",,"Sunny Tseng",2025-05-11,12:00,"Juodkrantės (cormorant colony)",Lithuania,55.5188,21.1118,20,call,"Audio processed by high-pass filter (300 Hz, 6dB) and normalization (-3dB). ",,1152643,https://creativecommons.org/licenses/by-nc-sa/4.0/
"Great Cormorant","Phalacrocorax carbo",,"Sunny Tseng",2025-05-11,12:00,"Juodkrantės (cormorant colony)",Lithuania,55.5188,21.1118,20,call,"Audio processed by high-pass filter (300 Hz, 6dB) and normalization (-3dB). ",,1152641,https://creativecommons.org/licenses/by-nc-sa/4.0/
"Great Cormorant","Phalacrocorax carbo",,"Sunny Tseng",2025-05-11,12:00,"Juodkrantės (cormorant colony)",Lithuania,55.5188,21.1118,20,call,"Audio processed by high-pass filter (300 Hz, 6dB) and normalization (-3dB). ",,1152639,https://creativecommons.org/licenses/by-nc-sa/4.0/
"Great Cormorant","Phalacrocorax carbo",,"Sunny Tseng",2025-05-11,12:00,"Juodkrantės (cormorant colony)",Lithuania,55.5188,21.1118,20,call,"Audio processed by high-pass filter (300 Hz, 6dB) and normalization (-3dB). ",,1152638,https://creativecommons.org/licenses/by-nc-sa/4.0/
"Great Cormorant","Phalacrocorax carbo",,"Sunny Tseng",2025-05-11,12:00,"Juodkrantės (cormorant colony)",Lithuania,55.5188,21.1118,20,call,"Audio processed by high-pass filter (300 Hz, 6dB) and normalization (-3dB). ",,1152632,https://creativecommons.org/licenses/by-nc-sa/4.0/
"Great Cormorant","Phalacrocorax carbo",,"Sunny Tseng",2025-05-11,12:00,"Juodkrantės (cormorant colony)",Lithuania,55.5188,21.1118,20,call,"Audio processed by high-pass filter (300 Hz, 6dB) and normalization (-3dB). ",,1152631,https://creativecommons.org/licenses/by-nc-sa/4.0/
"Great Cormorant","Phalacrocorax carbo",,"Sunny Tseng",2025-05-11,12:00,"Juodkrantės (cormorant colony)",Lithuania,55.5188,21.1118,20,call,"Audio processed by high-pass filter (300 Hz, 6dB) and normalization (-3dB). ",,1152629,https://creativecommons.org/licenses/by-nc-sa/4.0/
"Great Cormorant","Phalacrocorax carbo",,"Stephan Risch",2024-06-18,14:30,"Kuronian Spit. Large Cormorant Colony S of Juodkrante",Lithuania,55.5195,21.1108,20,"begging call, call",,,917938,https://creativecommons.org/licenses/by-nc-sa/4.0/
"Great Cormorant","Phalacrocorax carbo",,"Dmitry Kulakov",2014-05-30,11:00,Juodkrantė,Lithuania,55.5546,21.1164,50,"breeding colony",,,309573,https://creativecommons.org/licenses/by-nc-sa/4.0/
"Grey Heron","Ardea cinerea",,"Sunny Tseng",2025-05-11,07:00,"Nida (reed area)",Lithuania,55.3117,21.0123,0,call,"Audio processed by normalization (-3dB) and high-pass filter (300 Hz, 6dB). ",,1152615,https://creativecommons.org/licenses/by-nc-sa/4.0/
"White-tailed Eagle","Haliaeetus albicilla",,"Aku Kalliomäki",2025-09-27,18:00,"Kintų seniūnija, Klaipėda County",Lithuania,55.388,21.3107,0,call,,,1069944,https://creativecommons.org/licenses/by-nc-sa/4.0/
"Common Buzzard","Buteo buteo",,"Sunny Tseng",2025-05-11,12:00,"Juodkrantė (sound catcher)",Lithuania,55.5546,21.1164,50,call,"Audio processed by high-pass filter (300 Hz, 6dB) and normalization (-3dB). ",,1152667,https://creativecommons.org/licenses/by-nc-sa/4.0/
"Tawny Owl","Strix aluco",,"Jarek Matusiak",2009-08-17,20:00,Lithuania,Lithuania,54.9689,26.0284,?,song,"territorial song of male shortly as the first call just after the dusk probably lonely at that time – more draw out than in the breeding season but given in shorter period at down",,40772,https://creativecommons.org/licenses/by-nc-nd/2.5/
"Common Kingfisher","Alcedo atthis",,"Aku Kalliomäki",2025-09-27,17:00,"Kniaupo įlankos apžvalgos bokštelis",Lithuania,55.368,21.2518,0,"flight call",,,1069943,https://creativecommons.org/licenses/by-nc-sa/4.0/
"Eurasian Wryneck","Jynx torquilla",torquilla,"Jarek Matusiak",2016-06-29,15:00,"Lazdijų seniūnija (near  Virbalai), Lazdijų rajono savivaldybė, Alytaus apskritis",Lithuania,54.2484,23.4118,180,"begging call",,,325369,https://creativecommons.org/licenses/by-nc-sa/4.0/
"Eurasian Wryneck","Jynx torquilla",torquilla,"Jarek Matusiak",2016-06-29,15:00,"Lazdijų seniūnija (near  Virbalai), Lazdijų rajono savivaldybė, Alytaus apskritis",Lithuania,54.2484,23.4118,180,"begging call",,,325368,https://creativecommons.org/licenses/by-nc-sa/4.0/
"Eurasian Wryneck","Jynx torquilla",,"Juan Verhelst",2014-05-25,15:30,"Verkių seniūnija (near  Vilnius), Vilniaus miesto savivaldybė, Vilnius County",Lithuania,54.7743,25.3385,110,song,"Low pass filter at 7056 Hz.
There were two individuals, separated by at least 30 m possibly, a couple I think, not sure if it is possible to listen to both in this recording. Possibly same couple that some time before had seen exploring a cavity in an apple tree, which made the couple of Ficedula hypoleuca there very very nervous.
Sunny day.",,180111,https://creativecommons.org/licenses/by-nc-sa/4.0/
"Eurasian Wryneck","Jynx torquilla",,"Juan Verhelst",2012-05-20,17:30,"Verkių seniūnija (near  Vilnius), Vilniaus miesto savivaldybė, Vilnius County",Lithuania,54.7743,25.3385,110,"alarm call","Alarms call? individual vocalising near riparian hedgerow near the floor. Suena como un grunyido repetitivo, me recuerda a la voz del Halcon Carcajeador, pero obvio que no debe ser nada ni similar.
The recording was slightly modified, filtered with a high pass (about 2000 hz), recording taking with a mobile phone (Sony-E. K800i), therefore a range of frequencies lost and quality not very high.
20/Sep/2013 identified by Piotr Szczypinski as Eurasian Wryneck - Jynx torquilla; also Jarek Matusiak suggested may be probably a female.",,147900,https://creativecommons.org/licenses/by-nc-sa/3.0/
"Middle Spotted Woodpecker","Dendrocoptes medius",,"Marius Steponėnas",2019-02-24,17:22,"Vingio parko Tiltas (near  Vilnius), Vilniaus miesto savivaldybė, Vilniaus apskritis",Lithuania,54.691,25.244,90,"flight call",,,463490,https://creativecommons.org/licenses/by-nc-sa/4.0/
"Middle Spotted Woodpecker","Dendrocoptes medius",,"Aku Kalliomäki",2025-09-25,19:00,"Curonian spit",Lithuania,55.5569,21.1017,0,"alarm call, call",,,1069945,https://creativecommons.org/licenses/by-nc-sa/4.0/
"Middle Spotted Woodpecker","Dendrocoptes medius",,"Rostyslav Romanyshyn",2019-09-07,14:00,"Senamiestis Eldership (near  Vilnius), Vilniaus miesto savivaldybė, Vilniaus apskritis",Lithuania,54.6865,25.2933,100,"alarm call","city park",,524222,https://creativecommons.org/licenses/by-nc-sa/4.0/
"Great Spotted Woodpecker","Dendrocopos major",major,"Jarek Matusiak",2020-01-05,13:00,"Marcinkonių seniūnija (near  Marcinkonys), Varėnos rajono savivaldybė, Alytaus apskritis",Lithuania,54.0204,24.428,140,aggression,"aggression for resources of pine cones in winter
ssp - probable",,518928,https://creativecommons.org/licenses/by-nc-sa/4.0/
"Great Spotted Woodpecker","Dendrocopos major",major,"Jarek Matusiak",2009-08-20,12:00,"North of Panevezys Lithuania",Lithuania,55.905,24.592,?,feeding,"call off female feeding on trunk of pine",,92464,https://creativecommons.org/licenses/by-nc-nd/2.5/
"Great Spotted Woodpecker","Dendrocopos major",major,"Jarek Matusiak",2009-08-20,10:30,"Lithuania ",Lithuania,54.9689,26.0284,159,call,"typical call of male outside the breeding season given in this subspecies in regular intervals in about 15 min",,40865,https://creativecommons.org/licenses/by-nc-nd/2.5/
"Great Spotted Woodpecker","Dendrocopos major",major,"Jarek Matusiak",2009-08-24,11:00,"Lithuania ",Lithuania,54.9689,26.0284,159,call,"call of female outside the breeding season given in about 25 sylabs in 15 min intervals",,40864,https://creativecommons.org/licenses/by-nc-nd/2.5/
"Great Spotted Woodpecker","Dendrocopos major",,"Sunny Tseng",2025-05-03,08:00,"Vilnius forest ",Lithuania,54.8457,25.3958,150,drumming,"Audio processed by Audacity: 3dB normalization. Pecking. ",,1151586,https://creativecommons.org/licenses/by-nc-sa/4.0/
"Great Spotted Woodpecker","Dendrocopos major",,"Juan Verhelst",2014-06-06,12:39,"Palangos miesto savivaldybė (near  Palanga), Palangos miesto savivaldybė, Klaipėda County",Lithuania,55.9076,21.0588,10,"begging call","In cavity, woodland, some conifers mixed with many other tress such as birch, oak, ash?, etc.",,183176,https://creativecommons.org/licenses/by-nc-sa/4.0/
"Great Spotted Woodpecker","Dendrocopos major",,"Juan Verhelst",2014-06-04,16:19,"Palangos miesto savivaldybė (near  Palanga), Palangos miesto savivaldybė, Klaipėda County",Lithuania,55.9076,21.0589,10,"begging call","Conifer woodland, planted; canopy at some 30-35 m. Undergrowth with other native plants.
In a possible Birch at some 8-10 m height a nest cavity with some chicks calling, female inside with them?",,182525,https://creativecommons.org/licenses/by-nc-sa/4.0/
"Great Spotted Woodpecker","Dendrocopos major",,"Juan Verhelst",2014-06-04,14:12,"Palangos miesto savivaldybė (near  Palanga), Palangos miesto savivaldybė, Klaipėda County",Lithuania,55.906,21.0541,20,call,"Conifer woodland, planted; canopy at some 30-35 m. Undergrowth with other native plants fairly dense.
Maybe alarm call too? or maybe when it increases frequency?",,182512,https://creativecommons.org/licenses/by-nc-sa/4.0/
"Great Spotted Woodpecker","Dendrocopos major",,"Juan Verhelst",2013-09-07,14:00,"Bezdonių seniūnija (near  Miškonys), Vilnius district municipality, Vilnius County",Lithuania,54.8056,25.4179,150,"call, drumming","Some bits from the recording edited to shorten long spaces and very noisy parts. Recorded with DVR Olympus DN650.",,148629,https://creativecommons.org/licenses/by-nc-sa/3.0/
"Eurasian Hobby","Falco subbuteo",,"Jarek Matusiak",2009-08-17,16:00,"Dzukijskij NP",Lithuania,54.1867,24.4225,,"call, duet, call duet","Pair in presence of human in duet in repeated nesting period","Periparus ater",40773,https://creativecommons.org/licenses/by-nc-nd/2.5/
"Red-backed Shrike","Lanius collurio",,"Juan Verhelst",2014-07-05,16:57,"Verkių seniūnija (near  Vilnius), Vilniaus miesto savivaldybė, Vilnius County",Lithuania,54.7743,25.3385,110,"begging call, call","Two juveniles in a bush in an open area.","Chloris chloris",186088,https://creativecommons.org/licenses/by-nc-sa/4.0/
"Red-backed Shrike","Lanius collurio",,"Juan Verhelst",2014-07-05,16:54,"Verkių seniūnija (near  Vilnius), Vilniaus miesto savivaldybė, Vilnius County",Lithuania,54.7743,25.3385,110,"begging call, call","Two juveniles in a bush in an open area.",,186087,https://creativecommons.org/licenses/by-nc-sa/4.0/
"Red-backed Shrike","Lanius collurio",,"Juan Verhelst",2014-07-05,16:42,"Verkių seniūnija (near  Vilnius), Vilniaus miesto savivaldybė, Vilnius County",Lithuania,54.7743,25.3385,110,"alarm call","After I chased away the cat one of the adults, I cannot remember well but think was the male, stayed nearby perched in an electric line vocalising this.",,186086,https://creativecommons.org/licenses/by-nc-sa/4.0/
"Red-backed Shrike","Lanius collurio",,"Juan Verhelst",2014-07-05,16:40,"Verkių seniūnija (near  Vilnius), Vilniaus miesto savivaldybė, Vilnius County",Lithuania,54.7743,25.3385,110,"alarm call","Two juveniles and parents around of L. collurio perched in a 3 m bush in an open area panicking because of a domestic cat.",,186085,https://creativecommons.org/licenses/by-nc-sa/4.0/
"Eurasian Golden Oriole","Oriolus oriolus",,"Sunny Tseng",2025-05-13,08:00,"Parnidis Dune",Lithuania,55.2859,20.9744,10,song,"Audio processed by normalization (-3dB) and high-pass filter (300Hz, 6dB)",,1152735,https://creativecommons.org/licenses/by-nc-sa/4.0/
"Eurasian Golden Oriole","Oriolus oriolus",,"Sunny Tseng",2025-05-13,08:00,"Parnidis Dune",Lithuania,55.2859,20.9744,10,song,"Audio processed by normalization (-3dB) and high-pass filter (300Hz, 6dB)",,1152734,https://creativecommons.org/licenses/by-nc-sa/4.0/
"Eurasian Golden Oriole","Oriolus oriolus",,"Sunny Tseng",2025-05-13,08:00,"Parnidis Dune",Lithuania,55.2859,20.9744,10,song,"Audio processed by normalization (-3dB) and high-pass filter (300Hz, 6dB)",,1152736,https://creativecommons.org/licenses/by-nc-sa/4.0/
"Eurasian Jay","Garrulus glandarius",,"Sunny Tseng",2025-05-04,06:00,"Vilnius forest ",Lithuania,54.8457,25.3958,150,call,"Audio processed by -3dB normalization and 300 Hz (6dB) high-pass filter",,1152250,https://creativecommons.org/licenses/by-nc-sa/4.0/
"Eurasian Jay","Garrulus glandarius",,"Sunny Tseng",2025-05-04,06:00,"Vilnius forest ",Lithuania,54.8457,25.3958,150,call,"Audio processed by -3dB normalization and 300 Hz (6dB) high-pass filter",,1152249,https://creativecommons.org/licenses/by-nc-sa/4.0/
"Eurasian Magpie","Pica pica",,"Stephan Risch",2024-06-20,09:15,"Suverai and environment",Lithuania,55.3964,21.2547,0,call,,,917923,https://creativecommons.org/licenses/by-nc-sa/4.0/
Rook,"Corvus frugilegus",,"Stephan Risch",2024-06-21,15:59,"Suverai and environment",Lithuania,55.3964,21.2547,0,call,"Several birds, both adults and juveniles gather in trees near fruit trees.",,917772,https://creativecommons.org/licenses/by-nc-sa/4.0/
"Hooded Crow","Corvus cornix",,"Sunny Tseng",2025-05-13,08:00,"Parnidis Dune",Lithuania,55.2859,20.9744,10,call,"Audio processed by normalization (-3dB) and high-pass filter (300Hz, 6dB)",,1152727,https://creativecommons.org/licenses/by-nc-sa/4.0/
"Hooded Crow","Corvus cornix",,"Sunny Tseng",2025-05-13,08:00,"Parnidis Dune",Lithuania,55.2859,20.9744,10,call,"Audio processed by normalization (-3dB) and high-pass filter (300Hz, 6dB)",,1152719,https://creativecommons.org/licenses/by-nc-sa/4.0/
"Hooded Crow","Corvus cornix",,"Sunny Tseng",2025-05-13,08:00,"Parnidis Dune",Lithuania,55.2859,20.9744,10,call,"Audio processed by normalization (-3dB) and high-pass filter (300Hz, 6dB)",,1152717,https://creativecommons.org/licenses/by-nc-sa/4.0/
"Hooded Crow","Corvus cornix",,"Sunny Tseng",2025-05-11,05:30,"Nida (reed area)",Lithuania,55.3117,21.0123,0,call,"Audio processed by high-pass filter (300 Hz, 6dB) and normalization (-3dB). ",,1152576,https://creativecommons.org/licenses/by-nc-sa/4.0/
"Hooded Crow","Corvus cornix",,"Sunny Tseng",2025-05-13,08:00,"Parnidis Dune",Lithuania,55.2859,20.9744,10,call,"Audio processed by normalization (-3dB) and high-pass filter (300Hz, 6dB)",,1152724,https://creativecommons.org/licenses/by-nc-sa/4.0/
"Hooded Crow","Corvus cornix",,"Sunny Tseng",2025-05-11,07:00,"Nida (reed area)",Lithuania,55.3117,21.0123,0,call,"Audio processed by normalization (-3dB) and high-pass filter (300 Hz, 6dB). ","Acrocephalus arundinaceus",1152611,https://creativecommons.org/licenses/by-nc-sa/4.0/
"Northern Raven","Corvus corax",,Dominykas,2018-09-01,14:00,"Švenčionėlių seniūnija, Švenčionių rajono savivaldybė, Vilniaus apskritis",Lithuania,55.2229,26.0228,170,song,"I managed to salvage one recording of this bird, the audio was amplified a lot but the bird sound quality is good, interval unedited.
Didn't see the bird at all but at the time i was in a heavily forested area. It is not the exact place, maybe 5km radius around the point.
I don't know much about birds but I got curious to post it here",,535548,https://creativecommons.org/licenses/by-nc-sa/4.0/
"Northern Raven","Corvus corax",,"Stephan Risch",2024-06-21,13:20,"Suverai and environment",Lithuania,55.3964,21.2547,0,call,,,921388,https://creativecommons.org/licenses/by-nc-sa/4.0/
"Northern Raven","Corvus corax",,"Stephan Risch",2024-06-18,13:07,"Juodkrante, Forest path to beach",Lithuania,55.5413,21.11,40,"call, song","Open forest close to coast.","Fringilla coelebs,Phylloscopus trochilus",918069,https://creativecommons.org/licenses/by-nc-sa/4.0/
"Bohemian Waxwing","Bombycilla garrulus",,"Jarek Matusiak",2020-01-05,10:00,"Druskininkų miestas",Lithuania,54.006,23.9909,100,"call, flight call, wings",,,517421,https://creativecommons.org/licenses/by-nc-sa/4.0/
"Coal Tit","Periparus ater",,"Sunny Tseng",2025-05-11,12:00,"Juodkrantė (sound catcher)",Lithuania,55.5546,21.1164,50,song,"Audio processed by high-pass filter (300 Hz, 6dB) and normalization (-3dB). ",,1152681,https://creativecommons.org/licenses/by-nc-sa/4.0/
"Coal Tit","Periparus ater",,"Sunny Tseng",2025-05-11,12:00,"Juodkrantė (sound catcher)",Lithuania,55.5546,21.1164,50,song,"Audio processed by high-pass filter (300 Hz, 6dB) and normalization (-3dB). ",,1152680,https://creativecommons.org/licenses/by-nc-sa/4.0/
"Coal Tit","Periparus ater",,"Sunny Tseng",2025-05-11,12:00,"Juodkrantė (sound catcher)",Lithuania,55.5546,21.1164,50,song,"Audio processed by high-pass filter (300 Hz, 6dB) and normalization (-3dB). ",,1152678,https://creativecommons.org/licenses/by-nc-sa/4.0/
"European Crested Tit","Lophophanes cristatus",,"Jarek Matusiak",2020-01-05,13:00,"Marcinkonių seniūnija (near  Marcinkonys), Varėnos rajono savivaldybė, Alytaus apskritis",Lithuania,54.0204,24.428,140,"alarm call, flight call","Male in the foreground and female in the background
Snow failing  ","Aegithalos caudatus",518936,https://creativecommons.org/licenses/by-nc-sa/4.0/
"European Crested Tit","Lophophanes cristatus",,"Jarek Matusiak",2020-01-05,13:00,"Marcinkonių seniūnija (near  Marcinkonys), Varėnos rajono savivaldybė, Alytaus apskritis",Lithuania,54.0204,24.428,140,"alarm call, flight call","Male in the foreground and female in the background
Snow failing  ",,518933,https://creativecommons.org/licenses/by-nc-sa/4.0/
"European Crested Tit","Lophophanes cristatus",,"Jarek Matusiak",2020-01-05,13:00,"Marcinkonių seniūnija (near  Marcinkonys), Varėnos rajono savivaldybė, Alytaus apskritis",Lithuania,54.0204,24.428,140,"alarm call, flight call, subsong","Male in the foreground and female in the background
Snow failing  and wind in the background",,518932,https://creativecommons.org/licenses/by-nc-sa/4.0/
"European Crested Tit","Lophophanes cristatus",cristatus,"Jarek Matusiak",2020-01-06,13:00,"Marcinkonių seniūnija (near  Marcinkonys), Varėnos rajono savivaldybė, Alytaus apskritis",Lithuania,54.0204,24.428,140,subsong,,,517805,https://creativecommons.org/licenses/by-nc-sa/4.0/
"European Crested Tit","Lophophanes cristatus",cristatus,"Jarek Matusiak",2009-08-20,08:00,"Jauniūnų seniūnija, Širvintos district municipality, Vilnius County",Lithuania,54.9024,24.9855,140,"alarm call",,,120163,https://creativecommons.org/licenses/by-nc-sa/3.0/
"European Crested Tit","Lophophanes cristatus",,"Juan Verhelst",2014-07-05,11:17,"Buivydžių seniūnija (near  Pakalnės), Vilnius District Municipality, Vilnius County",Lithuania,54.8425,25.5824,160,call,"Made a highpass filter to clear up a bit the noise.
In a conifer forest, some 25-30 m canopy, relatively clear undergrowth, with mosses and small bushes such as blueberries.
High pitched contact calls.",,186083,https://creativecommons.org/licenses/by-nc-sa/4.0/
"European Crested Tit","Lophophanes cristatus",,"Juan Verhelst",2013-09-07,13:30,"Bezdonių seniūnija (near  Miškonys), Vilnius district municipality, Vilnius County",Lithuania,54.8056,25.4179,150,song,"Some bits from the recording edited to shorten long spaces and very noisy parts. Recorded with DVR Olympus DN650. Bird was seen later after recording already had finished.",,148627,https://creativecommons.org/licenses/by-nc-sa/3.0/
"Marsh Tit","Poecile palustris",palustris,"Jarek Matusiak",2016-06-29,15:00,"Lazdijų seniūnija (near  Virbalai), Lazdijų rajono savivaldybė, Alytaus apskritis",Lithuania,54.2484,23.4118,180,"alarm call",,,325367,https://creativecommons.org/licenses/by-nc-sa/4.0/
"Marsh Tit","Poecile palustris",palustris,"Jarek Matusiak",2016-06-29,15:00,"Lazdijų seniūnija (near  Virbalai), Lazdijų rajono savivaldybė, Alytaus apskritis",Lithuania,54.2484,23.4118,180,song,,,325357,https://creativecommons.org/licenses/by-nc-sa/4.0/
"Marsh Tit","Poecile palustris",,"Aku Kalliomäki",2025-09-26,19:00,"Curonian spit",Lithuania,55.5569,21.1017,0,call,,,1069953,https://creativecommons.org/licenses/by-nc-sa/4.0/
"Marsh Tit","Poecile palustris",,"Aku Kalliomäki",2025-09-26,19:00,"Curonian spit",Lithuania,55.5569,21.1017,0,call,,,1069952,https://creativecommons.org/licenses/by-nc-sa/4.0/
"Marsh Tit","Poecile palustris",,"Sunny Tseng",2025-05-07,16:00,"Zuvintas Biosphere (lake shore)",Lithuania,54.461,23.6435,80,song,"Audio processed by high-pass filter (300 Hz 6dB) and normalization (-3dB)",,1152318,https://creativecommons.org/licenses/by-nc-sa/4.0/
"Willow Tit","Poecile montanus",,"Jarek Matusiak",2020-01-05,13:00,"Marcinkonių seniūnija (near  Marcinkonys), Varėnos rajono savivaldybė, Alytaus apskritis",Lithuania,54.0204,24.428,140,"alarm call",,,518931,https://creativecommons.org/licenses/by-nc-sa/4.0/
"Willow Tit","Poecile montanus",,Gintaras,2023-02-17,08:30,"Antakalnis eldership (near  Vilnius), Vilnius City Municipality, Vilniaus apskritis",Lithuania,54.7532,25.4089,160,call,,,780784,https://creativecommons.org/licenses/by-nc-sa/4.0/
"Eurasian Blue Tit","Cyanistes caeruleus",,"Sunny Tseng",2025-05-11,10:00,"Parnidis Dune",Lithuania,55.2859,20.9744,10,song,"Audio processed by normalization (-3dB), and high-pass filter (300 Hz with 6dB). ",,1152628,https://creativecommons.org/licenses/by-nc-sa/4.0/
"Eurasian Blue Tit","Cyanistes caeruleus",,"Sunny Tseng",2025-05-08,08:30,"Zuvintas Biosphere (nature trail) ",Lithuania,54.4398,23.4184,110,song,"Audio processed by high-pass filter (300Hz at 6dB) and normalization (-3dB). ",,1152303,https://creativecommons.org/licenses/by-nc-sa/4.0/
"Eurasian Blue Tit","Cyanistes caeruleus",,"Sunny Tseng",2025-05-08,08:30,"Zuvintas Biosphere (nature trail) ",Lithuania,54.4398,23.4184,110,song,"Audio processed by high-pass filter (300Hz at 6dB) and normalization (-3dB). ",,1152302,https://creativecommons.org/licenses/by-nc-sa/4.0/
"Eurasian Blue Tit","Cyanistes caeruleus",,"Sunny Tseng",2025-05-04,06:00,"Vilnius forest ",Lithuania,54.8457,25.3958,150,"call, song","Audio processed by -3dB normalization and 300 Hz (6dB) high-pass filter",,1152251,https://creativecommons.org/licenses/by-nc-sa/4.0/
"Eurasian Blue Tit","Cyanistes caeruleus",,"Sunny Tseng",2025-05-04,06:00,"Vilnius forest ",Lithuania,54.8457,25.3958,150,song,"Audio processed by -3dB normalization and 300 Hz (6dB) high-pass filter",,1152241,https://creativecommons.org/licenses/by-nc-sa/4.0/
"Eurasian Blue Tit","Cyanistes caeruleus",,"Sunny Tseng",2025-05-04,06:00,"Vilnius forest ",Lithuania,54.8457,25.3958,150,song,"Audio processed by -3dB normalization and 300 Hz (6dB) high-pass filter",,1152240,https://creativecommons.org/licenses/by-nc-sa/4.0/
"Eurasian Blue Tit","Cyanistes caeruleus",,"Sunny Tseng",2025-05-03,08:00,"Vilnius forest ",Lithuania,54.8457,25.3958,150,"alarm call, duet, song","Audio processed by Audacity: 3dB normalization and 300 Hz (6dB) high-pass filter. Two individuals vocalizing on top of a tree. ",,1151582,https://creativecommons.org/licenses/by-nc-sa/4.0/
"Eurasian Blue Tit","Cyanistes caeruleus",,"Sunny Tseng",2025-05-03,07:30,"Vilnius forest ",Lithuania,54.8457,25.3958,150,"call, song","Audio processed in Audacity with -3 dB normalization and a 300 Hz (6 dB/octave) high-pass filter.",,1151556,https://creativecommons.org/licenses/by-nc-sa/4.0/
"Eurasian Blue Tit","Cyanistes caeruleus",,"Sunny Tseng",2025-05-03,07:30,"Vilnius forest ",Lithuania,54.8457,25.3958,150,call,"Audio processed in Audacity with -3 dB normalization and a 300 Hz (6 dB/octave) high-pass filter.",,1151555,https://creativecommons.org/licenses/by-nc-sa/4.0/
"Eurasian Blue Tit","Cyanistes caeruleus",,"Sunny Tseng",2025-05-03,07:30,"Vilnius forest ",Lithuania,54.8457,25.3958,150,call,"Audio processed in Audacity with -3 dB normalization and a 300 Hz (6 dB/octave) high-pass filter.",,1151547,https://creativecommons.org/licenses/by-nc-sa/4.0/
"Eurasian Blue Tit","Cyanistes caeruleus",,"Sunny Tseng",2025-05-03,07:30,"Vilnius forest ",Lithuania,54.8457,25.3958,150,call,"Audio processed in Audacity with -3 dB normalization and a 300 Hz (6 dB/octave) high-pass filter.",,1151545,https://creativecommons.org/licenses/by-nc-sa/4.0/
"Eurasian Blue Tit","Cyanistes caeruleus",,"Sunny Tseng",2025-05-03,07:30,"Vilnius forest ",Lithuania,54.8457,25.3958,150,song,"Audio processed in Audacity with -3 dB normalization and a 300 Hz (6 dB/octave) high-pass filter.",,1151544,https://creativecommons.org/licenses/by-nc-sa/4.0/
"Eurasian Blue Tit","Cyanistes caeruleus",,"Sunny Tseng",2025-05-02,04:30,Vilnius,Lithuania,54.8387,25.4469,150,song,"Audio processed with high-pass filter.",,1150377,https://creativecommons.org/licenses/by-nc-sa/4.0/
"Eurasian Blue Tit","Cyanistes caeruleus",,"Stephan Risch",2024-06-18,10:50,"Kuronian Spit, Juodkrantė, village",Lithuania,55.5436,21.121,0,song,,"Sylvia atricapilla",918108,https://creativecommons.org/licenses/by-nc-sa/4.0/
"Great Tit","Parus major",,"Sunny Tseng",2025-05-11,07:30,"Nida (reed area)",Lithuania,55.3117,21.0123,0,song,"Audio processed by normalization (-3dB) and high-pass filter (300 Hz, 6dB). ",,1152620,https://creativecommons.org/licenses/by-nc-sa/4.0/
"Great Tit","Parus major",,"Sunny Tseng",2025-05-08,08:30,"Zuvintas Biosphere (nature trail) ",Lithuania,54.4398,23.4184,110,song,"Audio processed by high-pass filter (300Hz at 6dB) and normalization (-3dB). ",,1152300,https://creativecommons.org/licenses/by-nc-sa/4.0/
"Great Tit","Parus major",,"Sunny Tseng",2025-05-04,06:00,"Vilnius forest ",Lithuania,54.8457,25.3958,150,song,"Audio processed by -3dB normalization and 300 Hz (6dB) high-pass filter",,1152246,https://creativecommons.org/licenses/by-nc-sa/4.0/
"Great Tit","Parus major",,"Sunny Tseng",2025-05-03,08:00,"Vilnius forest ",Lithuania,54.8457,25.3958,150,call,"Audio processed by Audacity: 3dB normalization and 300 Hz (6db) high pass filter.",,1151595,https://creativecommons.org/licenses/by-nc-sa/4.0/
"Great Tit","Parus major",,"Jarek Matusiak",2018-04-07,13:30,"Marcinkonių seniūnija (near  Marcinkonys), Varėnos rajono savivaldybė, Alytaus apskritis",Lithuania,54.0204,24.428,140,"alarm call",,"Grus grus,Columba oenas",409935,https://creativecommons.org/licenses/by-nc-sa/4.0/
"Great Tit","Parus major",,"Sunny Tseng",2025-05-03,08:00,"Vilnius forest ",Lithuania,54.8457,25.3958,150,song,"Audio processed by Audacity: 3dB normalization and 300 Hz (6db) high pass filter.",,1151596,https://creativecommons.org/licenses/by-nc-sa/4.0/
"Great Tit","Parus major",,"Sunny Tseng",2025-05-03,08:00,"Vilnius forest ",Lithuania,54.8457,25.3958,150,song,"Audio processed by Audacity: 3dB normalization and 300 Hz (6dB) high-pass filter. ",,1151583,https://creativecommons.org/licenses/by-nc-sa/4.0/
"Great Tit","Parus major",,"Sunny Tseng",2025-05-02,04:30,Vilnius,Lithuania,54.8387,25.4469,150,song,"Audio processed with high-pass filter.",,1150380,https://creativecommons.org/licenses/by-nc-sa/4.0/
"Great Tit","Parus major",,"Sunny Tseng",2025-05-02,04:30,Vilnius,Lithuania,54.8387,25.4469,150,song,"Audio processed with high-pass filter.",,1150379,https://creativecommons.org/licenses/by-nc-sa/4.0/
"Great Tit","Parus major",,"Sunny Tseng",2025-05-02,04:30,Vilnius,Lithuania,54.8387,25.4469,150,song,"Audio processed with high-pass filter.",,1150378,https://creativecommons.org/licenses/by-nc-sa/4.0/
"Great Tit","Parus major",,"Jonas Šiurys",2020-05-08,06:00,"Verkiai Regional Park (near  Vilnius), Vilniaus miesto savivaldybė, Vilniaus apskritis",Lithuania,54.7902,25.3281,160,song,,,555722,https://creativecommons.org/licenses/by-nc-sa/4.0/
"Great Tit","Parus major",,"Jonas Šiurys",2020-05-08,06:00,"Verkiai Regional Park (near  Vilnius), Vilniaus miesto savivaldybė, Vilniaus apskritis",Lithuania,54.7902,25.3281,160,song,,,555721,https://creativecommons.org/licenses/by-nc-sa/4.0/
"Great Tit","Parus major",,"Sunny Tseng",2025-05-02,05:00,Vilnius,Lithuania,54.8387,25.4469,150,song,"Audio processed with high-pass filter.",,1150383,https://creativecommons.org/licenses/by-nc-sa/4.0/
"Great Tit","Parus major",,"Stephan Risch",2024-06-17,18:30,"Klaipėda, Giruliai",Lithuania,55.7667,21.0907,30,song,,,921236,https://creativecommons.org/licenses/by-nc-sa/4.0/
"Great Tit","Parus major",,"Stephan Risch",2024-06-20,15:48,"Suverai and environment",Lithuania,55.3964,21.2547,0,song,,,917641,https://creativecommons.org/licenses/by-nc-sa/4.0/
"Great Tit","Parus major",,"Juan Verhelst",2014-06-15,15:47,"Verkių seniūnija (near  Vilnius), Vilniaus miesto savivaldybė, Vilnius County",Lithuania,54.7729,25.3378,120,"alarm call, call","Conifer woodland border, near a small stream.",,183385,https://creativecommons.org/licenses/by-nc-sa/4.0/
"Great Tit","Parus major",,"Juan Verhelst",2014-06-04,14:32,"Palangos miesto savivaldybė (near  Palanga), Palangos miesto savivaldybė, Klaipėda County",Lithuania,55.9025,21.0524,10,song,"Conifer woodland, planted; canopy at some 30-35 m. Undergrowth with other native plants not dense. Behind beach dunes.
After playback.
A slight variation in timing, somehow slower, maybe an inperfect call of an immature or similar?",,182516,https://creativecommons.org/licenses/by-nc-sa/4.0/
"Great Tit","Parus major",,"Juan Verhelst",2014-06-04,14:28,"Palangos miesto savivaldybė (near  Palanga), Palangos miesto savivaldybė, Klaipėda County",Lithuania,55.9025,21.0524,10,song,"Conifer woodland, planted; canopy at some 30-35 m. Undergrowth with other native plants not dense. Behind beach dunes.
After playback.",,182514,https://creativecommons.org/licenses/by-nc-sa/4.0/
"Great Tit","Parus major",,"Juan Verhelst",2014-06-04,14:26,"Palangos miesto savivaldybė (near  Palanga), Palangos miesto savivaldybė, Klaipėda County",Lithuania,55.9025,21.0524,10,song,"Conifer woodland, planted; canopy at some 30-35 m. Undergrowth with other native plants not dense. Behind beach dunes.",,182513,https://creativecommons.org/licenses/by-nc-sa/4.0/
"Great Tit","Parus major",,"Juan Verhelst",2013-09-09,12:00,"Verkių seniūnija (near  Vilnius), Vilniaus miesto savivaldybė, Vilnius County",Lithuania,54.7743,25.3385,110,call,"Some bits from the recording edited to shorten long spaces and very noisy parts. Recorded with DVR Olympus DN650.",,148632,https://creativecommons.org/licenses/by-nc-sa/3.0/
"Eurasian Penduline Tit","Remiz pendulinus",,"Stephan Risch",2024-06-22,09:30,"Kintai Fish Ponds S near Suvernai",Lithuania,55.3922,21.2653,0,call,,,915840,https://creativecommons.org/licenses/by-nc-sa/4.0/
"Eurasian Penduline Tit","Remiz pendulinus",,"Stephan Risch",2024-06-22,09:31,"Kintai Fish Ponds S near Suvernai",Lithuania,55.3922,21.2653,0,call,,,915842,https://creativecommons.org/licenses/by-nc-sa/4.0/
Woodlark,"Lullula arborea",,"Sunny Tseng",2025-05-13,08:00,"Parnidis Dune",Lithuania,55.2859,20.9744,10,song,"Audio processed by normalization (-3dB) and high-pass filter (300Hz, 6dB)",,1152732,https://creativecommons.org/licenses/by-nc-sa/4.0/
Woodlark,"Lullula arborea",,"Sunny Tseng",2025-05-13,08:00,"Parnidis Dune",Lithuania,55.2859,20.9744,10,song,"Audio processed by normalization (-3dB) and high-pass filter (300Hz, 6dB)",,1152731,https://creativecommons.org/licenses/by-nc-sa/4.0/
Woodlark,"Lullula arborea",,"Sunny Tseng",2025-05-13,08:00,"Parnidis Dune",Lithuania,55.2859,20.9744,10,song,"Audio processed by normalization (-3dB) and high-pass filter (300Hz, 6dB)",,1152730,https://creativecommons.org/licenses/by-nc-sa/4.0/
Woodlark,"Lullula arborea",,"Sunny Tseng",2025-05-13,08:00,"Parnidis Dune",Lithuania,55.2859,20.9744,10,song,"Audio processed by normalization (-3dB) and high-pass filter (300Hz, 6dB)",,1152729,https://creativecommons.org/licenses/by-nc-sa/4.0/
Woodlark,"Lullula arborea",,"Sunny Tseng",2025-05-13,08:00,"Parnidis Dune",Lithuania,55.2859,20.9744,10,song,"Audio processed by normalization (-3dB) and high-pass filter (300Hz, 6dB)",,1152718,https://creativecommons.org/licenses/by-nc-sa/4.0/
Woodlark,"Lullula arborea",,"Sunny Tseng",2025-05-13,08:00,"Parnidis Dune",Lithuania,55.2859,20.9744,10,song,"Audio processed by normalization (-3dB) and high-pass filter (300Hz, 6dB)",,1152728,https://creativecommons.org/licenses/by-nc-sa/4.0/
"Eurasian Skylark","Alauda arvensis",,"Francesco Sottile",2018-07-03,14:17,"Riešė Eldership (near  Didžioji Riešė), Vilniaus rajono savivaldybė, Vilniaus apskritis",Lithuania,54.7983,25.2742,150,song,,,625341,https://creativecommons.org/licenses/by-nc-sa/4.0/
"Eurasian Skylark","Alauda arvensis",,"Sunny Tseng",2025-05-08,03:30,"Zuvintas Biosphere (crane site)",Lithuania,54.4474,23.6083,80,song,"Audio processed by high-pass filter (300Hz, 6dB) and normalization (-3dB). ",,1152692,https://creativecommons.org/licenses/by-nc-sa/4.0/
"Eurasian Skylark","Alauda arvensis",,"Stephan Risch",2024-06-20,14:29,"Suverai and environment",Lithuania,55.3964,21.2547,0,song,,,917640,https://creativecommons.org/licenses/by-nc-sa/4.0/
"Eurasian Skylark","Alauda arvensis",,"Stephan Risch",2024-06-21,10:01,"Silute, around lock S Stankiskiai",Lithuania,55.3682,21.2509,-10,song,,,918137,https://creativecommons.org/licenses/by-nc-sa/4.0/
"Barn Swallow","Hirundo rustica",,"Stephan Risch",2024-06-21,09:08,"Silute, around lock S Stankiskiai",Lithuania,55.3682,21.2509,-10,song,,,918133,https://creativecommons.org/licenses/by-nc-sa/4.0/
"Barn Swallow","Hirundo rustica",,"Juan Verhelst",2014-07-05,14:26,"Verkių seniūnija (near  Vilnius), Vilniaus miesto savivaldybė, Vilnius County",Lithuania,54.7743,25.3385,110,"begging call, call","Four juveniles of H. rustica perched waiting for parents to bring food.
In a riparian bushes along a small stream.",,186084,https://creativecommons.org/licenses/by-nc-sa/4.0/
"Long-tailed Tit","Aegithalos caudatus",caudatus,"Jarek Matusiak",2020-01-06,13:00,"Marcinkonių seniūnija (near  Marcinkonys), Varėnos rajono savivaldybė, Alytaus apskritis",Lithuania,54.0204,24.428,140,"call, flight call",,,517804,https://creativecommons.org/licenses/by-nc-sa/4.0/
"Long-tailed Tit","Aegithalos caudatus",caudatus,"Jarek Matusiak",2020-01-06,13:00,"Marcinkonių seniūnija (near  Marcinkonys), Varėnos rajono savivaldybė, Alytaus apskritis",Lithuania,54.0204,24.428,140,"alarm call",,,517803,https://creativecommons.org/licenses/by-nc-sa/4.0/
"Long-tailed Tit","Aegithalos caudatus",,"Krzysztof Jankowski",2018-10-14,10:30,"Kintų seniūnija, Šilutės rajono savivaldybė, Klaipėdos apskritis",Lithuania,55.3421,21.1932,0,"call, flight call","Call of migrating birds.","Turdus merula,Parus major",448584,https://creativecommons.org/licenses/by-nc-sa/4.0/
"Long-tailed Tit","Aegithalos caudatus",,"Uku Paal",2016-10-13,18:00,"Saugų seniūnija, Šilutės rajono savivaldybė, Klaipėdos apskritis",Lithuania,55.4118,21.5241,20,call,,"Turdus merula",339909,https://creativecommons.org/licenses/by-nc-sa/4.0/
"Long-tailed Tit","Aegithalos caudatus",,"Uku Paal",2016-10-13,18:00,"Saugų seniūnija, Šilutės rajono savivaldybė, Klaipėdos apskritis",Lithuania,55.4118,21.5241,20,call,,,339908,https://creativecommons.org/licenses/by-nc-sa/4.0/
"Long-tailed Tit","Aegithalos caudatus",,"Juan Verhelst",2013-09-09,16:00,"Verkių seniūnija (near  Vilnius), Vilniaus miesto savivaldybė, Vilnius County",Lithuania,54.7743,25.3385,110,call,"A group of 4-6 individuals. Some bits from the recording edited to shorten long spaces and very noisy parts. Recorded with DVR Olympus DN650.",,148635,https://creativecommons.org/licenses/by-nc-sa/3.0/
"Long-tailed Tit","Aegithalos caudatus",,"Juan Verhelst",2013-09-09,16:00,"Verkių seniūnija (near  Vilnius), Vilniaus miesto savivaldybė, Vilnius County",Lithuania,54.7743,25.3385,110,call,"Some bits from the recording edited to shorten long spaces and very noisy parts. Recorded with DVR Olympus DN650.",,148633,https://creativecommons.org/licenses/by-nc-sa/3.0/
"Wood Warbler","Phylloscopus sibilatrix",,"Sunny Tseng",2025-05-11,12:00,"Juodkrantė (sound catcher)",Lithuania,55.5546,21.1164,50,song,"Audio processed by high-pass filter (300 Hz, 6dB) and normalization (-3dB). ",,1152682,https://creativecommons.org/licenses/by-nc-sa/4.0/
"Wood Warbler","Phylloscopus sibilatrix",,"Sunny Tseng",2025-05-11,12:00,"Juodkrantė (sound catcher)",Lithuania,55.5546,21.1164,50,song,"Audio processed by high-pass filter (300 Hz, 6dB) and normalization (-3dB). ",,1152654,https://creativecommons.org/licenses/by-nc-sa/4.0/
"Wood Warbler","Phylloscopus sibilatrix",,"Sunny Tseng",2025-05-11,12:00,"Juodkrantė (sound catcher)",Lithuania,55.5546,21.1164,50,"call, song","Audio processed by high-pass filter (300 Hz, 6dB) and normalization (-3dB). ",,1152652,https://creativecommons.org/licenses/by-nc-sa/4.0/
"Wood Warbler","Phylloscopus sibilatrix",,"Sunny Tseng",2025-05-11,12:00,"Juodkrantė (sound catcher)",Lithuania,55.5546,21.1164,50,"call, song","Audio processed by high-pass filter (300 Hz, 6dB) and normalization (-3dB). ",,1152651,https://creativecommons.org/licenses/by-nc-sa/4.0/
"Wood Warbler","Phylloscopus sibilatrix",,"Sunny Tseng",2025-05-11,12:00,"Juodkrantė (sound catcher)",Lithuania,55.5546,21.1164,50,"call, song","Audio processed by high-pass filter (300 Hz, 6dB) and normalization (-3dB). ",,1152650,https://creativecommons.org/licenses/by-nc-sa/4.0/
"Wood Warbler","Phylloscopus sibilatrix",,"Sunny Tseng",2025-05-11,10:00,"Parnidis Dune",Lithuania,55.2859,20.9744,10,song,"Audio processed by normalization (-3dB), and high-pass filter (300 Hz with 6dB). ",,1152625,https://creativecommons.org/licenses/by-nc-sa/4.0/
"Wood Warbler","Phylloscopus sibilatrix",,"Sunny Tseng",2025-05-03,08:00,"Vilnius forest ",Lithuania,54.8457,25.3958,150,song,"Audio processed by Audacity: 3dB normalization and 300 Hz (6dB) high-pass filter",,1151570,https://creativecommons.org/licenses/by-nc-sa/4.0/
"Wood Warbler","Phylloscopus sibilatrix",,"Sunny Tseng",2025-05-03,08:00,"Vilnius forest ",Lithuania,54.8457,25.3958,150,song,"Audio processed by Audacity: 3dB normalization and 300 Hz (6dB) high-pass filter",,1151569,https://creativecommons.org/licenses/by-nc-sa/4.0/
"Wood Warbler","Phylloscopus sibilatrix",,"Sunny Tseng",2025-05-03,08:00,"Vilnius forest ",Lithuania,54.8457,25.3958,150,song,"Audio processed by Audacity: 3dB normalization and 300 Hz (6dB) high-pass filter",,1151568,https://creativecommons.org/licenses/by-nc-sa/4.0/
"Wood Warbler","Phylloscopus sibilatrix",,"Sunny Tseng",2025-05-03,08:00,"Vilnius forest ",Lithuania,54.8457,25.3958,150,song,"Audio processed by Audacity: 3dB normalization and 300 Hz (6dB) high-pass filter",,1151567,https://creativecommons.org/licenses/by-nc-sa/4.0/
"Wood Warbler","Phylloscopus sibilatrix",,"Sunny Tseng",2025-05-03,07:30,"Vilnius forest ",Lithuania,54.8457,25.3958,150,song,"Audio processed in Audacity with -3 dB normalization and a 300 Hz (6 dB/octave) high-pass filter.",,1151565,https://creativecommons.org/licenses/by-nc-sa/4.0/
"Wood Warbler","Phylloscopus sibilatrix",,"Sunny Tseng",2025-05-03,07:30,"Vilnius forest ",Lithuania,54.8457,25.3958,150,song,"Audio processed in Audacity with -3 dB normalization and a 300 Hz (6 dB/octave) high-pass filter.",,1151564,https://creativecommons.org/licenses/by-nc-sa/4.0/
"Wood Warbler","Phylloscopus sibilatrix",,"Juan Verhelst",2014-06-04,12:36,"Palangos miesto savivaldybė (near  Palanga), Palangos miesto savivaldybė, Klaipėda County",Lithuania,55.9086,21.0616,20,"call, song",,,183167,https://creativecommons.org/licenses/by-nc-sa/4.0/
"Wood Warbler","Phylloscopus sibilatrix",,"Sunny Tseng",2025-05-03,07:30,"Vilnius forest ",Lithuania,54.8457,25.3958,150,song,"Audio processed in Audacity with -3 dB normalization and a 300 Hz (6 dB/octave) high-pass filter.",,1151563,https://creativecommons.org/licenses/by-nc-sa/4.0/
"Wood Warbler","Phylloscopus sibilatrix",,"Stephan Risch",2024-06-18,11:03,"Juodkrante, Forest path to beach",Lithuania,55.5413,21.11,40,call,,,918056,https://creativecommons.org/licenses/by-nc-sa/4.0/
"Wood Warbler","Phylloscopus sibilatrix",,"Juan Verhelst",2014-06-15,16:21,"Verkių seniūnija (near  Vilnius), Vilniaus miesto savivaldybė, Vilnius County",Lithuania,54.7717,25.3332,140,call,"Bosque de coniferas, con otras especies mezcladas, particularmente en el sotobosque.
Vi unos 2 individuos, mas alla del filo de esta colina, pasando la servidumbre de la linea de alta tension.",,183389,https://creativecommons.org/licenses/by-nc-sa/4.0/
"Wood Warbler","Phylloscopus sibilatrix",,"Juan Verhelst",2014-06-15,13:39,"Verkių seniūnija (near  Vilnius), Vilniaus miesto savivaldybė, Vilnius County",Lithuania,54.7703,25.3415,140,song,"Conifer forest mainly with some other tress in undergrowth mostly and some tall.
Average height some 30 m.",,183374,https://creativecommons.org/licenses/by-nc-sa/4.0/
"Wood Warbler","Phylloscopus sibilatrix",,"Juan Verhelst",2014-06-06,14:34,"Palangos miesto savivaldybė (near  Palanga), Palangos miesto savivaldybė, Klaipėda County",Lithuania,55.9067,21.0543,10,song,"Beautiful patch of some 30 m tall mixed woodland. Singing in medium level to canopy.",,183366,https://creativecommons.org/licenses/by-nc-sa/4.0/
"Wood Warbler","Phylloscopus sibilatrix",,"Juan Verhelst",2014-06-04,12:30,"Palangos miesto savivaldybė (near  Palanga), Palangos miesto savivaldybė, Klaipėda County",Lithuania,55.9086,21.0616,20,song,"Conifer woodland, planted; canopy at some 30-35 m. Undergrowth with other native plants not very dense.",,182510,https://creativecommons.org/licenses/by-nc-sa/4.0/
"Willow Warbler","Phylloscopus trochilus",,"Sunny Tseng",2025-05-11,12:00,"Juodkrantė (sound catcher)",Lithuania,55.5546,21.1164,50,song,"Audio processed by high-pass filter (300 Hz, 6dB) and normalization (-3dB). ",,1152672,https://creativecommons.org/licenses/by-nc-sa/4.0/
"Willow Warbler","Phylloscopus trochilus",,"Sunny Tseng",2025-05-11,12:00,"Juodkrantė (sound catcher)",Lithuania,55.5546,21.1164,50,song,"Audio processed by high-pass filter (300 Hz, 6dB) and normalization (-3dB). ",,1152671,https://creativecommons.org/licenses/by-nc-sa/4.0/
"Willow Warbler","Phylloscopus trochilus",,"Sunny Tseng",2025-05-11,07:30,"Nida (reed area)",Lithuania,55.3117,21.0123,0,song,"Audio processed by normalization (-3dB) and high-pass filter (300 Hz, 6dB). ",,1152623,https://creativecommons.org/licenses/by-nc-sa/4.0/
"Willow Warbler","Phylloscopus trochilus",,"Sunny Tseng",2025-05-11,07:30,"Nida (reed area)",Lithuania,55.3117,21.0123,0,song,"Audio processed by normalization (-3dB) and high-pass filter (300 Hz, 6dB). ",,1152622,https://creativecommons.org/licenses/by-nc-sa/4.0/
"Willow Warbler","Phylloscopus trochilus",,"Francesco Sottile",2018-07-04,17:14,"Baltosios Vokės seniūnija (near  Pakrempė), Šalčininkų rajono savivaldybė, Vilniaus apskritis",Lithuania,54.4728,25.1158,130,call,"Adult carrying food for the juv.","Pica pica,Chroicocephalus ridibundus",424434,https://creativecommons.org/licenses/by-nc-sa/4.0/
"Willow Warbler","Phylloscopus trochilus",,"Juan Verhelst",2014-06-05,16:59,"Palangos miesto savivaldybė (near  Palanga), Palangos miesto savivaldybė, Klaipėda County",Lithuania,55.9261,21.0567,0,song,"Dunes behind beach. Planted conifer woodland with some other bushes and tress mixed mainly in undergrowth.",,183172,https://creativecommons.org/licenses/by-nc-sa/4.0/
"Willow Warbler","Phylloscopus trochilus",,"Juan Verhelst",2014-06-05,16:56,"Palangos miesto savivaldybė (near  Palanga), Palangos miesto savivaldybė, Klaipėda County",Lithuania,55.9261,21.0567,0,song,"Dunes behind beach. Planted conifer woodland with some other bushes and tress mixed mainly in undergrowth.",,183171,https://creativecommons.org/licenses/by-nc-sa/4.0/
"Willow Warbler","Phylloscopus trochilus",,"Jacques PREVOST",2005-05-26,10:30,Neringa,Lithuania,55.4634,21.0806,0,song,,,79031,https://creativecommons.org/licenses/by-nc-nd/2.5/
"Willow Warbler","Phylloscopus trochilus",,"Jacques PREVOST",2005-05-26,10:30,Neringa,Lithuania,55.4634,21.0806,0,song,,,79030,https://creativecommons.org/licenses/by-nc-nd/2.5/
"Willow Warbler","Phylloscopus trochilus",,"Juan Verhelst",2014-06-03,18:00,"Palangos miesto savivaldybė (near  Palanga), Palangos miesto savivaldybė, Klaipėda County",Lithuania,55.9298,21.0576,0,song,"Very pale individual, no yellow at all, confusing at first. Northern ssp? acredula?",,182508,https://creativecommons.org/licenses/by-nc-sa/4.0/
"Common Chiffchaff","Phylloscopus collybita",,"Sunny Tseng",2025-05-11,12:00,"Juodkrantės (cormorant colony)",Lithuania,55.5188,21.1118,20,song,"Audio processed by high-pass filter (300 Hz, 6dB) and normalization (-3dB). ",,1152635,https://creativecommons.org/licenses/by-nc-sa/4.0/
"Common Chiffchaff","Phylloscopus collybita",,"Sunny Tseng",2025-05-11,12:00,"Juodkrantės (cormorant colony)",Lithuania,55.5188,21.1118,20,song,"Audio processed by high-pass filter (300 Hz, 6dB) and normalization (-3dB). ",,1152634,https://creativecommons.org/licenses/by-nc-sa/4.0/
"Common Chiffchaff","Phylloscopus collybita",,"Sunny Tseng",2025-05-11,12:00,"Juodkrantės (cormorant colony)",Lithuania,55.5188,21.1118,20,song,"Audio processed by high-pass filter (300 Hz, 6dB) and normalization (-3dB). ",,1152633,https://creativecommons.org/licenses/by-nc-sa/4.0/
"Common Chiffchaff","Phylloscopus collybita",,"Sunny Tseng",2025-05-07,07:00,"Zuvintas Biosphere",Lithuania,54.4573,23.6364,80,song,"Audio processed by -3dB normalization and 300 Hz (6dB) high-pass filter",,1152275,https://creativecommons.org/licenses/by-nc-sa/4.0/
"Common Chiffchaff","Phylloscopus collybita",,"Sunny Tseng",2025-05-04,06:00,"Vilnius forest ",Lithuania,54.8457,25.3958,150,song,"Audio processed by -3dB normalization and 300 Hz (6dB) high-pass filter",,1152248,https://creativecommons.org/licenses/by-nc-sa/4.0/
"Common Chiffchaff","Phylloscopus collybita",collybita,"Jarek Matusiak",2016-06-29,15:00,"Lazdijų seniūnija (near  Virbalai), Lazdijų rajono savivaldybė, Alytaus apskritis",Lithuania,54.2484,23.4118,180,song,"Beginning from long type of song",,325329,https://creativecommons.org/licenses/by-nc-sa/4.0/
"Common Chiffchaff","Phylloscopus collybita",abietinus,"Jarek Matusiak",2009-08-20,08:00,"Jauniūnų seniūnija, Širvintos district municipality, Vilnius County",Lithuania,54.9024,24.9855,140,call,"ssp. probable","Regulus regulus,Fringilla coelebs,Periparus ater",150264,https://creativecommons.org/licenses/by-nc-sa/3.0/
"Common Chiffchaff","Phylloscopus collybita",collybita,"Jarek Matusiak",2009-08-20,08:00,"Jauniūnų seniūnija, Širvintos district municipality, Vilnius County",Lithuania,54.9024,24.9855,140,call,"beginning from probably adult bird and in  0:24.000 young; ssp. probable","Cyanistes caeruleus,Regulus regulus,Fringilla coelebs,Phylloscopus trochilus,Turdus merula,Sitta europaea,Parus major,Lophophanes cristatus,Erithacus rubecula,Aegithalos caudatus,Spinus spinus,Poecile montanus,Periparus ater,Certhia familiaris",150262,https://creativecommons.org/licenses/by-nc-sa/3.0/
"Common Chiffchaff","Phylloscopus collybita",collybita,"Jarek Matusiak",2009-08-20,07:50,"Jauniūnų seniūnija, Širvintos district municipality, Vilnius County",Lithuania,54.9024,24.9855,140,call,"beginning from probably young bird and in   1:02.800 adult  ssp. probable","Cyanistes caeruleus,Regulus regulus,Fringilla coelebs,Buteo buteo,Phylloscopus trochilus,Turdus merula,Sitta europaea,Parus major,Lophophanes cristatus,Erithacus rubecula,Dendrocopos major,Spinus spinus,Poecile montanus,Periparus ater,Anthus trivialis,Certhia familiaris",150261,https://creativecommons.org/licenses/by-nc-sa/3.0/
"Common Chiffchaff","Phylloscopus collybita",abietinus,"Jarek Matusiak",2009-08-20,07:50,"Jauniūnų seniūnija, Širvintos district municipality, Vilnius County",Lithuania,54.9024,24.9855,140,"call, subsong","ssp. probable","Cyanistes caeruleus,Regulus regulus,Fringilla coelebs,Buteo buteo,Phylloscopus trochilus,Turdus merula,Parus major,Erithacus rubecula,Spinus spinus,Poecile montanus,Periparus ater,Certhia familiaris",150260,https://creativecommons.org/licenses/by-nc-sa/3.0/
"Common Chiffchaff","Phylloscopus collybita",,"Sunny Tseng",2025-05-03,07:30,"Vilnius forest ",Lithuania,54.8457,25.3958,150,song,"Audio processed in Audacity with -3 dB normalization and a 300 Hz (6 dB/octave) high-pass filter.",,1151561,https://creativecommons.org/licenses/by-nc-sa/4.0/
"Common Chiffchaff","Phylloscopus collybita",,"Stephan Risch",2024-06-17,18:46,"Klaipėda, Giruliai",Lithuania,55.7667,21.0907,30,song,,,921239,https://creativecommons.org/licenses/by-nc-sa/4.0/
"Common Chiffchaff","Phylloscopus collybita",,"Stephan Risch",2024-06-18,13:31,"Kuronian Spit, Juodkrantė, village",Lithuania,55.5436,21.121,0,song,,,918111,https://creativecommons.org/licenses/by-nc-sa/4.0/
"Common Chiffchaff","Phylloscopus collybita",,"Stephan Risch",2024-06-18,11:05,"Juodkrante, Forest path to beach",Lithuania,55.5413,21.11,40,song,,"Parus major",918058,https://creativecommons.org/licenses/by-nc-sa/4.0/
"Common Chiffchaff","Phylloscopus collybita",,"Juan Verhelst",2014-06-06,14:54,"Palangos miesto savivaldybė (near  Palanga), Palangos miesto savivaldybė, Klaipėda County",Lithuania,55.9056,21.0523,10,call,"Beautiful patch of some 30 m tall mixed woodland. Singing in canopy.
The other day heard some very similar call by P. Phoenicurus, but this must be heard in semi-open spaces, possibly not in the canopy mostly?",,183367,https://creativecommons.org/licenses/by-nc-sa/4.0/
"Common Chiffchaff","Phylloscopus collybita",,"Juan Verhelst",2014-06-06,12:12,"Palangos miesto savivaldybė (near  Palanga), Palangos miesto savivaldybė, Klaipėda County",Lithuania,55.908,21.0586,10,song,"In canopy, woodland, some conifers mixed with many other tress such as birch, oak, ash?, etc.
",,183175,https://creativecommons.org/licenses/by-nc-sa/4.0/
"Common Chiffchaff","Phylloscopus collybita",,"Juan Verhelst",2014-05-24,12:00,"Antakalnio seniūnija (near  Vilnius), Vilniaus miesto savivaldybė, Vilnius County",Lithuania,54.7356,25.4044,140,song,"Singing on the top of a conifer.
Sunny day.",,180113,https://creativecommons.org/licenses/by-nc-sa/4.0/
"Common Chiffchaff","Phylloscopus collybita",,"Francesco Sottile",2018-07-04,18:59,"Riešės seniūnija, Vilniaus rajono savivaldybė, Vilniaus apskritis",Lithuania,54.8516,25.2922,160,song,,,424463,https://creativecommons.org/licenses/by-nc-sa/4.0/
"Common Chiffchaff","Phylloscopus collybita",,"Juan Verhelst",2014-06-04,16:12,"Palangos miesto savivaldybė (near  Palanga), Palangos miesto savivaldybė, Klaipėda County",Lithuania,55.9082,21.058,10,song,"Conifer woodland, planted; canopy at some 30-35 m. Undergrowth with other native plants.",,182524,https://creativecommons.org/licenses/by-nc-sa/4.0/
"Common Chiffchaff","Phylloscopus collybita",,"Juan Verhelst",2013-09-08,16:30,"Verkių seniūnija (near  Vilnius), Vilniaus miesto savivaldybė, Vilnius County",Lithuania,54.7743,25.3385,110,call,"Some bits from the recording edited to shorten long spaces and very noisy parts. Recorded with DVR Olympus DN650.",,148631,https://creativecommons.org/licenses/by-nc-sa/3.0/
"Great Reed Warbler","Acrocephalus arundinaceus",,"Sunny Tseng",2025-05-11,07:00,"Nida (reed area)",Lithuania,55.3117,21.0123,0,song,"Audio processed by normalization (-3dB) and high-pass filter (300 Hz, 6dB). ",,1152616,https://creativecommons.org/licenses/by-nc-sa/4.0/
"Great Reed Warbler","Acrocephalus arundinaceus",,"Sunny Tseng",2025-05-11,07:00,"Nida (reed area)",Lithuania,55.3117,21.0123,0,song,"Audio processed by normalization (-3dB) and high-pass filter (300 Hz, 6dB). ",,1152614,https://creativecommons.org/licenses/by-nc-sa/4.0/
"Great Reed Warbler","Acrocephalus arundinaceus",,"Sunny Tseng",2025-05-11,05:30,"Nida (reed area)",Lithuania,55.3117,21.0123,0,song,"Audio processed by high-pass filter (300 Hz, 6dB) and normalization (-3dB). ","Chroicocephalus ridibundus,Acrocephalus arundinaceus",1152574,https://creativecommons.org/licenses/by-nc-sa/4.0/
"Great Reed Warbler","Acrocephalus arundinaceus",,"Sławomir Karpicki-Ignatowski",2023-08-05,07:00,"Liubavo seniūnija (near  Salaperaugis), Kalvarijos savivaldybė, Marijampolės apskritis",Lithuania,54.3301,23.1264,180,call,,,820856,https://creativecommons.org/licenses/by-nc-sa/4.0/
"Great Reed Warbler","Acrocephalus arundinaceus",,Laura,2016-05-18,18:00,"Verkių seniūnija (near  Vilnius), Vilniaus miesto savivaldybė, Vilniaus apskritis",Lithuania,54.7636,25.3072,140,call,"Call recorded in a distance in the reeds of the mere. Clear weather.
Background noise is from the traffic near by.",,356984,https://creativecommons.org/licenses/by-nc-sa/4.0/
"Great Reed Warbler","Acrocephalus arundinaceus",,"Stephan Risch",2024-06-18,13:39,"Kuronian Spit, Juodkrantė, village",Lithuania,55.5436,21.121,0,song,"Reeds at the Kuronian Lagoon.",,918112,https://creativecommons.org/licenses/by-nc-sa/4.0/
"Great Reed Warbler","Acrocephalus arundinaceus",,"Stephan Risch",2024-06-21,11:01,"Suverai and environment",Lithuania,55.3964,21.2547,0,song,"Reeds along drainage.","Motacilla flava",917767,https://creativecommons.org/licenses/by-nc-sa/4.0/
"Great Reed Warbler","Acrocephalus arundinaceus",,"Stephan Risch",2024-06-22,09:29,"Kintai Fish Ponds S near Suvernai",Lithuania,55.3922,21.2653,0,song,,,915837,https://creativecommons.org/licenses/by-nc-sa/4.0/
"Great Reed Warbler","Acrocephalus arundinaceus",,"Juan Verhelst",2014-05-24,13:00,"Antakalnio seniūnija (near  Vilnius), Vilniaus miesto savivaldybė, Vilnius County",Lithuania,54.732,25.4059,150,song,"Low pass filter at 7056 Hz.
Singing in a reed bed small marsh area.",,180173,https://creativecommons.org/licenses/by-nc-sa/4.0/
"Aquatic Warbler","Acrocephalus paludicola",,"Antero Lindholm",2005-06-11,04:00,"Priekulės seniūnija (near  Dreverna), Klaipėda district municipality, Klaipėda County",Lithuania,55.5027,21.2379,0,song,"The coordinates are not exact - close to Dreverna village in any case.","Acrocephalus arundinaceus,Locustella luscinioides",161549,https://creativecommons.org/licenses/by-nc-sa/3.0/
"Aquatic Warbler","Acrocephalus paludicola",,"Teet Sirotkin",2022-05-26,22:10,"Šilutės seniūnija, Šilutės rajono savivaldybė, Klaipėdos apskritis",Lithuania,55.2751,21.4595,0,song,,,727922,https://creativecommons.org/licenses/by-nc-sa/4.0/
"Aquatic Warbler","Acrocephalus paludicola",,"Leconte Michel",2019-06-30,17:00,"Šilutės seniūnija, Šilutės rajono savivaldybė, Klaipėdos apskritis",Lithuania,55.2751,21.4595,0,song,"Wet meadows with Carex spp. and Phalaris arundinacea, others bird's species : A. schoenobaenus, Emberiza schoeniclus, Crex crex, Locustella luscinoides","Crex crex",493773,https://creativecommons.org/licenses/by-nc-sa/4.0/
"Aquatic Warbler","Acrocephalus paludicola",,"Lars Lachmann",2015-05-20,21:04,"Nemunas Delta area, Lithuania",Lithuania,55.3617,21.2163,0,song,"singing male, in background a second male","Acrocephalus arundinaceus",245721,https://creativecommons.org/licenses/by-nc-sa/4.0/
"Sedge Warbler","Acrocephalus schoenobaenus",,"Sunny Tseng",2025-05-07,07:00,"Zuvintas Biosphere",Lithuania,54.4573,23.6364,80,song,"Audio processed by -3dB normalization and 300 Hz (6dB) high-pass filter",,1152271,https://creativecommons.org/licenses/by-nc-sa/4.0/
"Sedge Warbler","Acrocephalus schoenobaenus",,"Sunny Tseng",2025-05-07,07:00,"Zuvintas Biosphere",Lithuania,54.4573,23.6364,80,song,"Audio processed by -3dB normalization and 300 Hz (6dB) high-pass filter",,1152266,https://creativecommons.org/licenses/by-nc-sa/4.0/
"Sedge Warbler","Acrocephalus schoenobaenus",,"Sunny Tseng",2025-05-07,06:30,"Zuvintas Biosphere",Lithuania,54.4573,23.6364,80,song,"Audio processed by -3dB normalization and 300 Hz (6dB) high-pass filter",,1152257,https://creativecommons.org/licenses/by-nc-sa/4.0/
"Sedge Warbler","Acrocephalus schoenobaenus",,"Sunny Tseng",2025-05-09,07:00,"Zuvintas Biosphere",Lithuania,54.4474,23.6083,80,song,"Audio processed by -3dB normalization and 300 Hz (6dB) high-pass filter",,1152289,https://creativecommons.org/licenses/by-nc-sa/4.0/
"Sedge Warbler","Acrocephalus schoenobaenus",,"Sunny Tseng",2025-05-07,06:30,"Zuvintas Biosphere",Lithuania,54.4573,23.6364,80,song,"Audio processed by -3dB normalization and 300 Hz (6dB) high-pass filter",,1152256,https://creativecommons.org/licenses/by-nc-sa/4.0/
"Sedge Warbler","Acrocephalus schoenobaenus",,"Sunny Tseng",2025-05-07,06:30,"Zuvintas Biosphere",Lithuania,54.4573,23.6364,80,song,"Audio processed by -3dB normalization and 300 Hz (6dB) high-pass filter",,1152255,https://creativecommons.org/licenses/by-nc-sa/4.0/
"Sedge Warbler","Acrocephalus schoenobaenus",,"Stephan Risch",2024-06-22,10:00,"Kintai Fish Ponds S near Suvernai",Lithuania,55.3922,21.2653,0,song,,,915848,https://creativecommons.org/licenses/by-nc-sa/4.0/
"Sedge Warbler","Acrocephalus schoenobaenus",,"Stephan Risch",2024-06-21,09:41,"Silute, around lock S Stankiskiai",Lithuania,55.3682,21.2509,-10,song,,,918136,https://creativecommons.org/licenses/by-nc-sa/4.0/
"Blyth's Reed Warbler","Acrocephalus dumetorum",,"Rafał Kurowski",2025-07-01,15:00,Vilniaus,Lithuania,54.6919,25.2426,90,song,,,1015802,https://creativecommons.org/licenses/by-nc-sa/4.0/
"Eurasian Reed Warbler","Acrocephalus scirpaceus",,"Sunny Tseng",2025-05-07,07:00,"Zuvintas Biosphere",Lithuania,54.4573,23.6364,80,song,"Audio processed by -3dB normalization and 300 Hz (6dB) high-pass filter",,1152274,https://creativecommons.org/licenses/by-nc-sa/4.0/
"Eurasian Reed Warbler","Acrocephalus scirpaceus",,"Sunny Tseng",2025-05-07,07:00,"Zuvintas Biosphere",Lithuania,54.4573,23.6364,80,song,"Audio processed by -3dB normalization and 300 Hz (6dB) high-pass filter",,1152269,https://creativecommons.org/licenses/by-nc-sa/4.0/
"Eurasian Reed Warbler","Acrocephalus scirpaceus",,"Sunny Tseng",2025-05-07,07:00,"Zuvintas Biosphere",Lithuania,54.4573,23.6364,80,song,"Audio processed by -3dB normalization and 300 Hz (6dB) high-pass filter",,1152268,https://creativecommons.org/licenses/by-nc-sa/4.0/
"Eurasian Reed Warbler","Acrocephalus scirpaceus",,"Francesco Sottile",2018-07-04,17:03,"Baltosios Vokės seniūnija (near  Pakrempė), Šalčininkų rajono savivaldybė, Vilniaus apskritis",Lithuania,54.4743,25.1142,130,song,,"Cygnus olor,Chroicocephalus ridibundus",424458,https://creativecommons.org/licenses/by-nc-sa/4.0/
"Eurasian Reed Warbler","Acrocephalus scirpaceus",,"Juan Verhelst",2014-06-21,20:44,"Verkių seniūnija (near  Vilnius), Vilniaus miesto savivaldybė, Vilnius County",Lithuania,54.7506,25.318,100,"call, song","Saw after playback an individual of what I think is most likely A. scirpaceus, and I think is the most likely ID. Needs confirmation from curator.
Border of a big wetland/marsh inside Verkiu Regional park.",,183478,https://creativecommons.org/licenses/by-nc-sa/4.0/
"Eurasian Reed Warbler","Acrocephalus scirpaceus",,"Stephan Risch",2024-06-22,10:00,"Kintai Fish Ponds S near Suvernai",Lithuania,55.3922,21.2653,0,song,,,915845,https://creativecommons.org/licenses/by-nc-sa/4.0/
"Marsh Warbler","Acrocephalus palustris",,"Lars Lachmann",2015-05-20,01:35,"Nemunas Delta area, Lithuania",Lithuania,55.3617,21.2163,0,song,"singing male at night, long recording (8:30 min), second male in background","Luscinia luscinia",245722,https://creativecommons.org/licenses/by-nc-sa/4.0/
"Icterine Warbler","Hippolais icterina",,"Francesco Sottile",2018-07-03,12:55,"Baltosios Vokės seniūnija (near  Baltoji Vokė), Šalčininkų rajono savivaldybė, Vilniaus apskritis",Lithuania,54.4603,25.1148,130,song,,,424323,https://creativecommons.org/licenses/by-nc-sa/4.0/
"Icterine Warbler","Hippolais icterina",,"Veljo Runnel",2012-07-12,06:00,"Zemaitija National Park, Plungės rajono savivaldybė, Telšių apskritis",Lithuania,56.0705,21.8314,150,song,,"Columba palumbus,Acrocephalus palustris",211204,https://creativecommons.org/licenses/by-nc-sa/4.0/
"Icterine Warbler","Hippolais icterina",,"Juan Verhelst",2014-06-25,15:55,"Vilkpėdės seniūnija (near  Vilnius), Vilnius city municipality, Vilnius County",Lithuania,54.6822,25.2477,120,"call, song","A bit of noise from a motorway in the background, so passed a highpass filter to clear it up a bit.
Sunny day, with some few clouds.",,186054,https://creativecommons.org/licenses/by-nc-sa/4.0/
"Icterine Warbler","Hippolais icterina",,"Stephan Risch",2024-06-21,08:25,"Suverai and environment",Lithuania,55.3964,21.2547,0,song,,,917921,https://creativecommons.org/licenses/by-nc-sa/4.0/
"Icterine Warbler","Hippolais icterina",,"Juan Verhelst",2014-06-25,15:57,"Vilkpėdės seniūnija (near  Vilnius), Vilnius city municipality, Vilnius County",Lithuania,54.6822,25.2477,120,song,"A bit of noise from a motorway in the background, so passed a highpass filter to clear it up a bit.
Sunny day, with some few clouds.",,186056,https://creativecommons.org/licenses/by-nc-sa/4.0/
"Icterine Warbler","Hippolais icterina",,"Juan Verhelst",2014-06-25,15:55,"Vilkpėdės seniūnija (near  Vilnius), Vilnius city municipality, Vilnius County",Lithuania,54.6822,25.2477,120,"call, song","A bit of noise from a motorway in the background, so passed a highpass filter to clear it up a bit.
Sunny day, with some few clouds.",,186055,https://creativecommons.org/licenses/by-nc-sa/4.0/
"Icterine Warbler","Hippolais icterina",,"Juan Verhelst",2014-06-06,14:12,"Palangos miesto savivaldybė (near  Palanga), Palangos miesto savivaldybė, Klaipėda County",Lithuania,55.9081,21.0575,10,song,"In medium level to canopy, woodland, some conifers mixed with many other tress such as birch, oak, ash?, etc.
After playback.",,183182,https://creativecommons.org/licenses/by-nc-sa/4.0/
"Icterine Warbler","Hippolais icterina",,"Juan Verhelst",2014-06-06,12:54,"Palangos miesto savivaldybė (near  Palanga), Palangos miesto savivaldybė, Klaipėda County",Lithuania,55.9081,21.0575,10,song,"In medium level to canopy, woodland, some conifers mixed with many other tress such as birch, oak, ash?, etc.
After playback.",,183181,https://creativecommons.org/licenses/by-nc-sa/4.0/
"Icterine Warbler","Hippolais icterina",,"Juan Verhelst",2014-06-06,12:51,"Palangos miesto savivaldybė (near  Palanga), Palangos miesto savivaldybė, Klaipėda County",Lithuania,55.9081,21.0575,10,song,"In medium level to canopy, woodland, some conifers mixed with many other tress such as birch, oak, ash?, etc.
After playback.",,183180,https://creativecommons.org/licenses/by-nc-sa/4.0/
"Icterine Warbler","Hippolais icterina",,"Juan Verhelst",2014-06-06,12:49,"Palangos miesto savivaldybė (near  Palanga), Palangos miesto savivaldybė, Klaipėda County",Lithuania,55.9081,21.0575,10,song,"In medium level to canopy, woodland, some conifers mixed with many other tress such as birch, oak, ash?, etc.",,183179,https://creativecommons.org/licenses/by-nc-sa/4.0/
"Icterine Warbler","Hippolais icterina",,"Juan Verhelst",2014-06-06,12:47,"Palangos miesto savivaldybė (near  Palanga), Palangos miesto savivaldybė, Klaipėda County",Lithuania,55.9081,21.0575,10,song,"In medium level to canopy, woodland, some conifers mixed with many other tress such as birch, oak, ash?, etc.",,183178,https://creativecommons.org/licenses/by-nc-sa/4.0/
"Icterine Warbler","Hippolais icterina",,"Juan Verhelst",2014-06-03,14:00,"Kretingos miesto seniūnija (near  Kretinga), Kretinga district municipality, Klaipėda County",Lithuania,55.8976,21.2526,30,song,"Not sure ID of this species, initially thought of a Sylvia, but think that possibly is an Hippolais, need confirmation from curator in Xeno-canto.
Open area with a lagoon nearby and singing in some scattered trees.
Identity confirmed by Piotr Szczypinski as H. icterina.",,182501,https://creativecommons.org/licenses/by-nc-sa/4.0/
"River Warbler","Locustella fluviatilis",,"Teet Sirotkin",2022-05-28,10:16,"Šilutės seniūnija (near  Sausgalviai)",Lithuania,55.2803,21.4603,0,song,,,728695,https://creativecommons.org/licenses/by-nc-sa/4.0/
"River Warbler","Locustella fluviatilis",,"Stephan Risch",2024-06-20,15:00,"Klaipeéda, Silute, Lagoon at Suvernai ",Lithuania,55.401,21.2374,0,song,"Shrubbery and reeds close to the Kuronian Lagoon",,921387,https://creativecommons.org/licenses/by-nc-sa/4.0/
"Savi's Warbler","Locustella luscinioides",,"Sunny Tseng",2025-05-07,06:30,"Zuvintas Biosphere",Lithuania,54.4573,23.6364,80,song,"Audio processed by -3dB normalization and 300 Hz (6dB) high-pass filter",,1152260,https://creativecommons.org/licenses/by-nc-sa/4.0/
"Savi's Warbler","Locustella luscinioides",luscinioides,"Lars Lachmann",2015-05-19,22:00,"Nemunas Delta area, Lithuania",Lithuania,55.3617,21.2163,0,song,"song, second bird singing in background","Cygnus olor,Acrocephalus scirpaceus,Acrocephalus schoenobaenus,Botaurus stellaris,Acrocephalus arundinaceus,Luscinia luscinia",245843,https://creativecommons.org/licenses/by-nc-sa/4.0/
"Eurasian Blackcap","Sylvia atricapilla",,"Sunny Tseng",2025-05-13,08:00,"Parnidis Dune",Lithuania,55.2859,20.9744,10,song,"Audio processed by normalization (-3dB) and high-pass filter (300Hz, 6dB)",,1152737,https://creativecommons.org/licenses/by-nc-sa/4.0/
"Eurasian Blackcap","Sylvia atricapilla",,"Sunny Tseng",2025-05-11,12:00,"Juodkrantės (cormorant colony)",Lithuania,55.5188,21.1118,20,song,"Audio processed by high-pass filter (300 Hz, 6dB) and normalization (-3dB). ",,1152630,https://creativecommons.org/licenses/by-nc-sa/4.0/
"Eurasian Blackcap","Sylvia atricapilla",,"Sunny Tseng",2025-05-11,05:30,"Nida (reed area)",Lithuania,55.3117,21.0123,0,song,"Audio processed by high-pass filter (300 Hz, 6dB) and normalization (-3dB). ",,1152575,https://creativecommons.org/licenses/by-nc-sa/4.0/
"Eurasian Blackcap","Sylvia atricapilla",,"Sunny Tseng",2025-05-04,06:00,"Vilnius forest ",Lithuania,54.8457,25.3958,150,song,"Audio processed by -3dB normalization and 300 Hz (6dB) high-pass filter",,1152243,https://creativecommons.org/licenses/by-nc-sa/4.0/
"Eurasian Blackcap","Sylvia atricapilla",,"Sunny Tseng",2025-05-03,08:00,"Vilnius forest ",Lithuania,54.8457,25.3958,150,call,"Audio processed by Audacity: 3dB normalization and 300 Hz (6db) high pass filter.",,1151594,https://creativecommons.org/licenses/by-nc-sa/4.0/
"Eurasian Blackcap","Sylvia atricapilla",,"Sunny Tseng",2025-05-03,07:30,"Vilnius forest ",Lithuania,54.8457,25.3958,150,song,"Audio processed in Audacity with -3 dB normalization and a 300 Hz (6 dB/octave) high-pass filter.",,1151554,https://creativecommons.org/licenses/by-nc-sa/4.0/
"Eurasian Blackcap","Sylvia atricapilla",,"Stephan Risch",2024-06-17,16:16,"Klaipėda, Giruliai",Lithuania,55.7667,21.0907,30,song,,,921235,https://creativecommons.org/licenses/by-nc-sa/4.0/
"Eurasian Blackcap","Sylvia atricapilla",,"Dmitry Kulakov",2018-06-26,18:30,"Alytaus seniūnija (near  Alytus), Alytaus miesto savivaldybė, Alytaus apskritis",Lithuania,54.3705,24.0071,70,song,,,423153,https://creativecommons.org/licenses/by-nc-sa/4.0/
"Eurasian Blackcap","Sylvia atricapilla",,"Juan Verhelst",2014-06-21,13:07,"Verkių seniūnija (near  Vilnius), Vilniaus miesto savivaldybė, Vilnius County",Lithuania,54.7703,25.3415,140,song,,,183470,https://creativecommons.org/licenses/by-nc-sa/4.0/
"Eurasian Blackcap","Sylvia atricapilla",,"Juan Verhelst",2014-06-30,18:08,"Verkių seniūnija (near  Vilnius), Vilniaus miesto savivaldybė, Vilnius County",Lithuania,54.7743,25.3385,110,song,,,186071,https://creativecommons.org/licenses/by-nc-sa/4.0/
"Eurasian Blackcap","Sylvia atricapilla",,"Juan Verhelst",2014-06-15,16:21,"Verkių seniūnija (near  Vilnius), Vilniaus miesto savivaldybė, Vilnius County",Lithuania,54.7718,25.3368,130,"alarm call, call","Bosque de coniferas, con otras especies mezcladas, particularmente en el sotobosque.
Background Fringilla coelebs and Parus major.
I thought of a squirrel, but could not see it and then something flew (maybe a Jay?) and did not listen any more this call.
Identified as Sylvia atricapilla by Sonnenburg, which I agree.",,183390,https://creativecommons.org/licenses/by-nc-sa/4.0/
"Eurasian Blackcap","Sylvia atricapilla",,"Juan Verhelst",2014-06-15,13:50,"Verkių seniūnija (near  Vilnius), Vilniaus miesto savivaldybė, Vilnius County",Lithuania,54.7703,25.3415,140,song,"Conifer woodland in canopy mostly but mixed with some few other species mainly in undergrowth.
Individual singing in medium level to canopy.",,183378,https://creativecommons.org/licenses/by-nc-sa/4.0/
"Eurasian Blackcap","Sylvia atricapilla",,"Juan Verhelst",2014-05-25,12:00,"Verkių seniūnija (near  Vilnius), Vilniaus miesto savivaldybė, Vilnius County",Lithuania,54.7743,25.3385,110,song,,,180107,https://creativecommons.org/licenses/by-nc-sa/4.0/
"Eurasian Blackcap","Sylvia atricapilla",,"Stephan Risch",2024-06-18,14:40,"Kuronian Spit. Large Cormorant Colony S of Juodkrante",Lithuania,55.5195,21.1108,20,song,,,917939,https://creativecommons.org/licenses/by-nc-sa/4.0/
"Garden Warbler","Sylvia borin",,"Sunny Tseng",2025-05-11,05:30,"Nida (reed area)",Lithuania,55.3117,21.0123,0,song,"Audio processed by high-pass filter (300 Hz, 6dB) and normalization (-3dB). ",,1152578,https://creativecommons.org/licenses/by-nc-sa/4.0/
"Garden Warbler","Sylvia borin",,"Francesco Sottile",2018-07-04,18:36,"Baltosios Vokės seniūnija (near  Pakrempė), Šalčininkų rajono savivaldybė, Vilniaus apskritis",Lithuania,54.4728,25.108,130,song,,"Phylloscopus collybita",424293,https://creativecommons.org/licenses/by-nc-sa/4.0/
"Garden Warbler","Sylvia borin",,"Juan Verhelst",2014-06-15,15:47,"Verkių seniūnija (near  Vilnius), Vilniaus miesto savivaldybė, Vilnius County",Lithuania,54.7738,25.3403,110,song,"In secondary growth, with some tall pines spread around, near a small stream.
Singing in medium level.
Not completely sure of identity. In background there is Phylloscopus collybita and Fringilla coelebs.
Identified as Sylvia borin by Jose Carlos Sires and Sonennburg, which I agree.",,183383,https://creativecommons.org/licenses/by-nc-sa/4.0/
"Garden Warbler","Sylvia borin",,"Juan Verhelst",2014-06-15,15:45,"Verkių seniūnija (near  Vilnius), Vilniaus miesto savivaldybė, Vilnius County",Lithuania,54.7738,25.3403,110,song,"In secondary growth, with some tall pines spread around, near a small stream.
Singing in medium level.
Seems that in this recording there are a couple of things and made confusing identification. Jose Carlos Sires kindly helped me to clarify IDs. Thus at the beginning there are some notes of Hippolais icterina while most of the recording is dominated by Sylvia borin. Otherwise, in background sings Phylloscopus collybita and Fringilla coelebs.","Fringilla coelebs,Hippolais icterina,Phylloscopus collybita",183381,https://creativecommons.org/licenses/by-nc-sa/4.0/
"Garden Warbler","Sylvia borin",,"Juan Verhelst",2012-05-20,17:00,"Verkių seniūnija (near  Vilnius), Vilniaus miesto savivaldybė, Vilnius County",Lithuania,54.7743,25.3385,110,song,"Individual singing on top of a hedgerow. The recording was slightly modified, filtered with a high pass (about 1500 hz), recording taking with a mobile phone (Sony-E k800i), therefore a range of frequencies lost and quality not very high.
Originally identified in the field as Chaffinch - Fringilla coelebs-, but apparently a confusion. Identified as Garden Warbler - Sylvia borin- by Jarek Matusiak.",,147896,https://creativecommons.org/licenses/by-nc-sa/3.0/
"Lesser Whitethroat","Curruca curruca",,"Sunny Tseng",2025-05-11,10:00,"Parnidis Dune",Lithuania,55.2859,20.9744,10,song,"Audio processed by normalization (-3dB), and high-pass filter (300 Hz with 6dB). ",,1152627,https://creativecommons.org/licenses/by-nc-sa/4.0/
"Lesser Whitethroat","Curruca curruca",,"Sunny Tseng",2025-05-11,10:00,"Parnidis Dune",Lithuania,55.2859,20.9744,10,song,"Audio processed by normalization (-3dB), and high-pass filter (300 Hz with 6dB). ",,1152626,https://creativecommons.org/licenses/by-nc-sa/4.0/
"Lesser Whitethroat","Curruca curruca",,"Jacques PREVOST",2005-05-00,?,"Neringa, Lithuania",Lithuania,55.4634,21.0806,10,song,,"Carpodacus erythrinus",46574,https://creativecommons.org/licenses/by-nc-nd/2.5/
"Lesser Whitethroat","Curruca curruca",,"Stephan Risch",2024-06-18,10:23,"Kuronian Spit, Juodkrantė, village",Lithuania,55.5436,21.121,0,song,,"Sylvia atricapilla",918107,https://creativecommons.org/licenses/by-nc-sa/4.0/
"Lesser Whitethroat","Curruca curruca",,"Stephan Risch",2024-06-21,10:51,"Suverai and environment",Lithuania,55.3964,21.2547,0,song,,"Alauda arvensis,Grus grus",917765,https://creativecommons.org/licenses/by-nc-sa/4.0/
"Lesser Whitethroat","Curruca curruca",,"Juan Verhelst",2014-05-24,10:30,"Antakalnio seniūnija (near  Vilnius), Vilniaus miesto savivaldybė, Vilnius County",Lithuania,54.735,25.4014,150,song,"Vilnius Botanical Garden. Entrance Rhododendron collection. Singing at mid level in Conifers.
Recording edited to cut off some short pieces in between with a lot of noise.",,179674,https://creativecommons.org/licenses/by-nc-sa/4.0/
"Common Whitethroat","Curruca communis",,"Sunny Tseng",2025-05-09,07:00,"Zuvintas Biosphere",Lithuania,54.4474,23.6083,80,song,"Audio processed by -3dB normalization and 300 Hz (6dB) high-pass filter",,1152292,https://creativecommons.org/licenses/by-nc-sa/4.0/
"Common Whitethroat","Curruca communis",,"Sunny Tseng",2025-05-09,07:00,"Zuvintas Biosphere",Lithuania,54.4474,23.6083,80,song,"Audio processed by -3dB normalization and 300 Hz (6dB) high-pass filter",,1152291,https://creativecommons.org/licenses/by-nc-sa/4.0/
"Common Whitethroat","Curruca communis",,"Sunny Tseng",2025-05-09,07:00,"Zuvintas Biosphere",Lithuania,54.4474,23.6083,80,song,"Audio processed by 3dB normalization and 300 Hz (6dB) high-pass filter","Columba palumbus,Grus grus,Cuculus canorus,Acrocephalus schoenobaenus,Gallinago gallinago",1152281,https://creativecommons.org/licenses/by-nc-sa/4.0/
"Common Whitethroat","Curruca communis",volgensis,"Jarek Matusiak",2016-06-29,13:00,"Lazdijų seniūnija (near  Virbalai), Lazdijų rajono savivaldybė, Alytaus apskritis",Lithuania,54.2484,23.4118,180,"flight call, song","Unusually stereotyped singing bird. In  1:09 and   2:10 flight songs",,325324,https://creativecommons.org/licenses/by-nc-sa/4.0/
"Common Whitethroat","Curruca communis",,"Jacques PREVOST",2005-05-26,10:00,Neringa,Lithuania,55.4634,21.0806,5,song,,,78246,https://creativecommons.org/licenses/by-nc-nd/2.5/
"Common Whitethroat","Curruca communis",,"Sunny Tseng",2025-05-07,16:00,"Zuvintas Biosphere (lake shore)",Lithuania,54.461,23.6435,80,song,"Audio processed by high-pass filter (300 Hz 6dB) and normalization (-3dB)",,1152319,https://creativecommons.org/licenses/by-nc-sa/4.0/
"Common Whitethroat","Curruca communis",,"Stephan Risch",2024-06-20,09:32,"Suverai and environment",Lithuania,55.3964,21.2547,0,song,,,921892,https://creativecommons.org/licenses/by-nc-sa/4.0/
"Common Whitethroat","Curruca communis",,"Stephan Risch",2024-06-17,16:16,"Klaipėda, Giruliai Beach",Lithuania,55.7666,21.0792,0,song,"Coastal shrubbery.",,921244,https://creativecommons.org/licenses/by-nc-sa/4.0/
"Common Whitethroat","Curruca communis",,"Stephan Risch",2024-06-18,13:04,"Juodkrante, Forest path to beach",Lithuania,55.5413,21.11,40,song,"Coastal shrubbery. Song and flight song.","Parus major",918064,https://creativecommons.org/licenses/by-nc-sa/4.0/
"Common Whitethroat","Curruca communis",,"Stephan Risch",2024-06-20,17:42,"Suverai and environment",Lithuania,55.3964,21.2547,0,song,,"Emberiza citrinella",917644,https://creativecommons.org/licenses/by-nc-sa/4.0/
"Common Whitethroat","Curruca communis",,"Stephan Risch",2024-06-20,17:41,"Suverai and environment",Lithuania,55.3964,21.2547,0,song,,"Emberiza citrinella",917643,https://creativecommons.org/licenses/by-nc-sa/4.0/
"Common Whitethroat","Curruca communis",,"Stephan Risch",2024-06-20,10:01,"Suverai and environment",Lithuania,55.3964,21.2547,0,song,,"Alauda arvensis,Sterna hirundo",917639,https://creativecommons.org/licenses/by-nc-sa/4.0/
"Common Whitethroat","Curruca communis",,"Francesco Sottile",2019-11-04,17:38,"Baltosios Vokės seniūnija (near  Pakrempė), Šalčininkų rajono savivaldybė, Vilniaus apskritis",Lithuania,54.4768,25.1158,130,call,,"Phylloscopus trochilus,Phylloscopus collybita",506624,https://creativecommons.org/licenses/by-nc-sa/4.0/
"Common Whitethroat","Curruca communis",,"Dmitry Kulakov",2016-05-24,07:00,"Tauragės miesto seniūnija (near  Tauragė), Tauragės rajono savivaldybė, Tauragės apskritis",Lithuania,55.2564,22.2687,20,song,,,318801,https://creativecommons.org/licenses/by-nc-sa/4.0/
"Common Whitethroat","Curruca communis",,"Juan Verhelst",2014-06-05,14:47,"Palangos miesto savivaldybė (near  Palanga), Palangos miesto savivaldybė, Klaipėda County",Lithuania,55.928,21.0573,0,song,"Dunes behind beach. Planted conifer woodland.",,183170,https://creativecommons.org/licenses/by-nc-sa/4.0/
"Common Whitethroat","Curruca communis",,"Juan Verhelst",2014-05-25,11:30,"Verkių seniūnija (near  Vilnius), Vilniaus miesto savivaldybė, Vilnius County",Lithuania,54.7743,25.3385,110,song,"Misidentified initially as S. borin and reidentified as S. communis by suggestion of Herman van deer Meer (see forum on this recording).",,180106,https://creativecommons.org/licenses/by-nc-sa/4.0/
"Common Firecrest","Regulus ignicapilla",,"Sunny Tseng",2025-05-11,12:00,"Juodkrantė (sound catcher)",Lithuania,55.5546,21.1164,50,song,"Audio processed by high-pass filter (300 Hz, 6dB) and normalization (-3dB). ",,1152649,https://creativecommons.org/licenses/by-nc-sa/4.0/
"Common Firecrest","Regulus ignicapilla",,"Sunny Tseng",2025-05-03,08:00,"Vilnius forest ",Lithuania,54.8457,25.3958,150,song,"Audio processed by Audacity: 3dB normalization and 300 Hz (6db) high pass filter.",,1151588,https://creativecommons.org/licenses/by-nc-sa/4.0/
"Common Firecrest","Regulus ignicapilla",,"Igoris S.",2024-04-01,10:00,"Suvieko seniūnija (near  Stelmužė), Zarasai District Municipality, Utena County",Lithuania,55.8348,26.2015,160,song,"Normalized with -3 dB in order to make it louder.
Habitat: mixed forest. Was singing from spruce.","Turdus philomelos,Erithacus rubecula,Troglodytes troglodytes",893151,https://creativecommons.org/licenses/by-nc-sa/4.0/
Goldcrest,"Regulus regulus",,"Sunny Tseng",2025-05-11,12:00,"Juodkrantė (sound catcher)",Lithuania,55.5546,21.1164,50,call,"Audio processed by high-pass filter (300 Hz, 6dB) and normalization (-3dB). ",,1152665,https://creativecommons.org/licenses/by-nc-sa/4.0/
Goldcrest,"Regulus regulus",,"Francesco Sottile",2018-07-02,13:04,"Verkių seniūnija (near  Vilnius), Vilniaus miesto savivaldybė, Vilniaus apskritis",Lithuania,54.7635,25.274,180,song,,,424456,https://creativecommons.org/licenses/by-nc-sa/4.0/
Goldcrest,"Regulus regulus",,"Juan Verhelst",2013-09-09,11:30,"Verkių seniūnija (near  Vilnius), Vilniaus miesto savivaldybė, Vilnius County",Lithuania,54.7743,25.3385,110,call,"I saw around jumping a Regulus, may be a call or song of one of these sp. Some bits from the recording edited to shorten long spaces and very noisy parts. Recorded with DVR Olympus DN650.
Albert Lastukhin (25/09/2013) confirmed ID as Goldcrest - Regulus regulus",,148637,https://creativecommons.org/licenses/by-nc-sa/3.0/
"Eurasian Wren","Troglodytes troglodytes",,"Sunny Tseng",2025-05-08,08:30,"Zuvintas Biosphere (nature trail) ",Lithuania,54.4398,23.4184,110,song,"Audio processed by high-pass filter (300Hz at 6dB) and normalization (-3dB). ",,1152294,https://creativecommons.org/licenses/by-nc-sa/4.0/
"Eurasian Wren","Troglodytes troglodytes",,"Sunny Tseng",2025-05-04,06:00,"Vilnius forest ",Lithuania,54.8457,25.3958,150,song,"Audio processed by -3dB normalization and 300 Hz (6dB) high-pass filter",,1152245,https://creativecommons.org/licenses/by-nc-sa/4.0/
"Eurasian Wren","Troglodytes troglodytes",,"Sunny Tseng",2025-05-04,06:00,"Vilnius forest ",Lithuania,54.8457,25.3958,150,song,"Audio processed by -3dB normalization and 300 Hz (6dB) high-pass filter",,1152244,https://creativecommons.org/licenses/by-nc-sa/4.0/
"Eurasian Wren","Troglodytes troglodytes",,"Sunny Tseng",2025-05-03,08:00,"Vilnius forest ",Lithuania,54.8457,25.3958,150,song,"Audio processed by Audacity: 3dB normalization and 300 Hz (6dB) high-pass filter",,1151575,https://creativecommons.org/licenses/by-nc-sa/4.0/
"Eurasian Wren","Troglodytes troglodytes",,"Sunny Tseng",2025-05-03,08:00,"Vilnius forest ",Lithuania,54.8457,25.3958,150,song,"Audio processed by Audacity: 3dB normalization and 300 Hz (6dB) high-pass filter",,1151573,https://creativecommons.org/licenses/by-nc-sa/4.0/
"Eurasian Wren","Troglodytes troglodytes",,"Sunny Tseng",2025-05-03,08:00,"Vilnius forest ",Lithuania,54.8457,25.3958,150,song,"Audio processed by Audacity: 3dB normalization and 300 Hz (6dB) high-pass filter",,1151572,https://creativecommons.org/licenses/by-nc-sa/4.0/
"Eurasian Wren","Troglodytes troglodytes",,"Sunny Tseng",2025-05-03,08:00,"Vilnius forest ",Lithuania,54.8457,25.3958,150,song,"Audio processed by Audacity: 3dB normalization and 300 Hz (6dB) high-pass filter",,1151576,https://creativecommons.org/licenses/by-nc-sa/4.0/
"Eurasian Nuthatch","Sitta europaea",europaea,"Jarek Matusiak",2009-08-21,11:00,"Kelmė, Siauliai Region",Lithuania,55.6919,22.7816,150,call,,,113907,https://creativecommons.org/licenses/by-nc-sa/3.0/
"Eurasian Nuthatch","Sitta europaea",,"Aku Kalliomäki",2025-09-25,19:00,"Curonian spit",Lithuania,55.5569,21.1017,0,call,,,1069954,https://creativecommons.org/licenses/by-nc-sa/4.0/
"Eurasian Nuthatch","Sitta europaea",,"Juan Verhelst",2014-06-04,14:37,"Palangos miesto savivaldybė (near  Palanga), Palangos miesto savivaldybė, Klaipėda County",Lithuania,55.9025,21.0524,10,call,"Conifer woodland, planted; canopy at some 30-35 m. Undergrowth with other native plants not dense. Behind beach dunes.
There was a family of 4 individuals, possibly 2-3 juveniles with 1-2 adults, the calls are very much like contact calls, they were moving along together keeping contact all the time.",,182518,https://creativecommons.org/licenses/by-nc-sa/4.0/
"Eurasian Nuthatch","Sitta europaea",,"Juan Verhelst",2014-06-04,14:36,"Palangos miesto savivaldybė (near  Palanga), Palangos miesto savivaldybė, Klaipėda County",Lithuania,55.9025,21.0524,10,call,"Conifer woodland, planted; canopy at some 30-35 m. Undergrowth with other native plants not dense. Behind beach dunes.
There was a family of 4 individuals, possibly 2-3 juveniles with 1-2 adults, the calls are very much like contact calls, they were moving along together keeping contact all the time.",,182517,https://creativecommons.org/licenses/by-nc-sa/4.0/
"Eurasian Treecreeper","Certhia familiaris",familiaris,"Jarek Matusiak",2009-08-21,10:00,"Lithuania ",Lithuania,54.9689,26.0284,?,call,"contact call",,40907,https://creativecommons.org/licenses/by-nc-nd/2.5/
"Common Starling","Sturnus vulgaris",,"Sunny Tseng",2025-05-11,07:00,"Nida (reed area)",Lithuania,55.3117,21.0123,0,song,"Audio processed by normalization (-3dB) and high-pass filter (300 Hz, 6dB). ",,1152609,https://creativecommons.org/licenses/by-nc-sa/4.0/
"Common Starling","Sturnus vulgaris",,"Juan Verhelst",2014-05-25,14:30,"Verkių seniūnija (near  Vilnius), Vilniaus miesto savivaldybė, Vilnius County",Lithuania,54.7743,25.3385,110,"begging call, call","A group of about 10 individuals (juveniles and adults) vocalising near a small stream.",,180108,https://creativecommons.org/licenses/by-nc-sa/4.0/
"Song Thrush","Turdus philomelos",,"Sunny Tseng",2025-05-08,08:30,"Zuvintas Biosphere (nature trail) ",Lithuania,54.4398,23.4184,110,song,"Audio processed by high-pass filter (300Hz at 6dB) and normalization (-3dB). ",,1152310,https://creativecommons.org/licenses/by-nc-sa/4.0/
"Song Thrush","Turdus philomelos",,"Sunny Tseng",2025-05-03,08:00,"Vilnius forest ",Lithuania,54.8457,25.3958,150,song,"Audio processed by Audacity: 3dB normalization and 300 Hz (6dB) high-pass filter","Cyanistes caeruleus,Columba palumbus,Parus major,Troglodytes troglodytes,Phylloscopus collybita",1151578,https://creativecommons.org/licenses/by-nc-sa/4.0/
"Song Thrush","Turdus philomelos",,"Sunny Tseng",2025-05-03,08:00,"Vilnius forest ",Lithuania,54.8457,25.3958,150,song,"Audio processed by Audacity: 3dB normalization and 300 Hz (6dB) high-pass filter. ",,1151585,https://creativecommons.org/licenses/by-nc-sa/4.0/
"Song Thrush","Turdus philomelos",,"Dmitry Kulakov",2016-06-29,18:30,"Tauragės seniūnija (near  Taurai), Tauragės rajono savivaldybė, Tauragės apskritis",Lithuania,55.259,22.2588,20,song,,,325362,https://creativecommons.org/licenses/by-nc-sa/4.0/
"Song Thrush","Turdus philomelos",,"Juan Verhelst",2014-07-02,19:39,"Vilkpėdės seniūnija (near  Vilnius), Vilnius city municipality, Vilnius County",Lithuania,54.6816,25.236,110,song,"Nice tall forested area.
After playback, sings a bit furiously! if can be said that, seems too me than there are less silences between notes.",,186077,https://creativecommons.org/licenses/by-nc-sa/4.0/
"Song Thrush","Turdus philomelos",,Emilija,2015-04-05,19:00,"Fabijoniškių seniūnija (near  Vilnius), Vilniaus miesto savivaldybė, Vilniaus apskritis",Lithuania,54.7237,25.2641,8,song,"Recording unmodified.
On the top of a tree, about 8 meters above the ground.
No specific interactions, postures or displays. 
Recorded during sunset.",,234365,https://creativecommons.org/licenses/by-nc-sa/4.0/
"Song Thrush","Turdus philomelos",,"Juan Verhelst",2014-07-02,19:37,"Vilkpėdės seniūnija (near  Vilnius), Vilnius city municipality, Vilnius County",Lithuania,54.6816,25.236,110,song,"Nice tall forested area.",,186074,https://creativecommons.org/licenses/by-nc-sa/4.0/
"Song Thrush","Turdus philomelos",,"Juan Verhelst",2014-07-02,19:36,"Vilkpėdės seniūnija (near  Vilnius), Vilnius city municipality, Vilnius County",Lithuania,54.6816,25.236,110,song,"Nice tall forested area.",,186073,https://creativecommons.org/licenses/by-nc-sa/4.0/
"Song Thrush","Turdus philomelos",,"Juan Verhelst",2014-06-21,19:32,"Verkių seniūnija (near  Vilnius), Vilniaus miesto savivaldybė, Vilnius County",Lithuania,54.7743,25.3385,110,song,"Saw after playback an individual of Turdus philomelos, thus I think that most likely was this one who was singing. Needs confirmation from curator.",,183476,https://creativecommons.org/licenses/by-nc-sa/4.0/
"Mistle Thrush","Turdus viscivorus",,"Sunny Tseng",2025-05-13,08:00,"Parnidis Dune",Lithuania,55.2859,20.9744,10,song,"Audio processed by normalization (-3dB) and high-pass filter (300Hz, 6dB)",,1152739,https://creativecommons.org/licenses/by-nc-sa/4.0/
"Mistle Thrush","Turdus viscivorus",,"Sunny Tseng",2025-05-13,08:00,"Parnidis Dune",Lithuania,55.2859,20.9744,10,song,"Audio processed by normalization (-3dB) and high-pass filter (300Hz, 6dB)",,1152738,https://creativecommons.org/licenses/by-nc-sa/4.0/
"Common Blackbird","Turdus merula",,"Sunny Tseng",2025-05-08,08:30,"Zuvintas Biosphere (nature trail) ",Lithuania,54.4398,23.4184,110,song,"Audio processed by high-pass filter (300Hz at 6dB) and normalization (-3dB). ",,1152307,https://creativecommons.org/licenses/by-nc-sa/4.0/
"Common Blackbird","Turdus merula",,"Sunny Tseng",2025-05-08,08:30,"Zuvintas Biosphere (nature trail) ",Lithuania,54.4398,23.4184,110,song,"Audio processed by high-pass filter (300Hz at 6dB) and normalization (-3dB). ",,1152301,https://creativecommons.org/licenses/by-nc-sa/4.0/
"Common Blackbird","Turdus merula",,"Gediminas Petkus",2021-03-27,07:30,"Dūkštų seniūnija (near  Dūkštos), Vilniaus rajono savivaldybė, Vilniaus apskritis",Lithuania,54.8148,24.9622,20,song,,,632809,https://creativecommons.org/licenses/by-nc-sa/4.0/
"Common Blackbird","Turdus merula",,"Stephan Risch",2024-06-17,17:39,"Klaipėda, Giruliai",Lithuania,55.7667,21.0907,30,song,,,921237,https://creativecommons.org/licenses/by-nc-sa/4.0/
"Common Blackbird","Turdus merula",,"Juan Verhelst",2014-06-28,18:20,"Verkių seniūnija (near  Vilnius), Vilniaus miesto savivaldybė, Vilnius County",Lithuania,54.7743,25.3385,110,"alarm call",,,186070,https://creativecommons.org/licenses/by-nc-sa/4.0/
"Common Blackbird","Turdus merula",,"Juan Verhelst",2014-05-24,11:30,"Antakalnio seniūnija (near  Vilnius), Vilniaus miesto savivaldybė, Vilnius County",Lithuania,54.7356,25.4044,140,call,"Singing on the top of a conifer.
Sunny day.",,180112,https://creativecommons.org/licenses/by-nc-sa/4.0/
"Common Blackbird","Turdus merula",,"Juan Verhelst",2012-05-20,17:00,"Verkių seniūnija (near  Vilnius), Vilniaus miesto savivaldybė, Vilnius County",Lithuania,54.7743,25.3385,110,song,"Very faintly in the background particularly after half of the recording has passed sounds a Chif Chaf - Phylloscopus collybita. The recording was slightly modified, filtered with a high pass (about 2000 hz), recording taking with a mobile phone (Sony-E k800i), therefore a range of frequencies lost and quality not very high.",,147898,https://creativecommons.org/licenses/by-nc-sa/3.0/
"Spotted Flycatcher","Muscicapa striata",,"Juan Verhelst",2014-06-03,13:00,"Kretingos miesto seniūnija (near  Kretinga), Kretinga district municipality, Klaipėda County",Lithuania,55.8918,21.2423,20,call,,,182505,https://creativecommons.org/licenses/by-nc-sa/4.0/
"Spotted Flycatcher","Muscicapa striata",,"Juan Verhelst",2014-06-03,13:00,"Kretingos miesto seniūnija (near  Kretinga), Kretinga district municipality, Klaipėda County",Lithuania,55.8918,21.2423,20,call,,,182506,https://creativecommons.org/licenses/by-nc-sa/4.0/
"European Robin","Erithacus rubecula",,"Sunny Tseng",2025-05-08,08:30,"Zuvintas Biosphere (nature trail) ",Lithuania,54.4398,23.4184,110,call,"Audio processed by high-pass filter (300Hz at 6dB) and normalization (-3dB). ","Fringilla coelebs,Coccothraustes coccothraustes,Turdus merula,Parus major",1152298,https://creativecommons.org/licenses/by-nc-sa/4.0/
"European Robin","Erithacus rubecula",,"Stephan Risch",2024-06-18,21:22,"Klaipėda, Giruliai",Lithuania,55.7667,21.0907,30,song,,,921230,https://creativecommons.org/licenses/by-nc-sa/4.0/
"European Robin","Erithacus rubecula",,"Stephan Risch",2024-06-18,10:58,"Kuronian Spit, Juodkrantė, village",Lithuania,55.5436,21.121,0,song,,,918110,https://creativecommons.org/licenses/by-nc-sa/4.0/
"European Robin","Erithacus rubecula",,"Juan Verhelst",2014-06-15,16:17,"Verkių seniūnija (near  Vilnius), Vilniaus miesto savivaldybė, Vilnius County",Lithuania,54.7719,25.334,140,song,"Bosque de coniferas, con otras especies mezcladas, particularmente en el sotobosque.
Este individuo estaba en el filo de esta colina en el borde de la servidumbre de una linea de alta tension.",,183388,https://creativecommons.org/licenses/by-nc-sa/4.0/
"European Robin","Erithacus rubecula",,"Juan Verhelst",2014-06-06,12:07,"Palangos miesto savivaldybė (near  Palanga), Palangos miesto savivaldybė, Klaipėda County",Lithuania,55.908,21.0586,10,call,"In canopy, woodland, some conifers mixed with many other tress such as birch, oak, ash?, etc.
Background Phylloscopus collybita and Fringilla coelebs.
Identified as Erithacus rubecula by Piotr Szczypinski, which I agree.",,183174,https://creativecommons.org/licenses/by-nc-sa/4.0/
"European Robin","Erithacus rubecula",,"Juan Verhelst",2014-06-03,14:30,"Kretingos miesto seniūnija (near  Kretinga), Kretinga district municipality, Klaipėda County",Lithuania,55.8976,21.2526,30,"alarm call, call",,,182502,https://creativecommons.org/licenses/by-nc-sa/4.0/
"Thrush Nightingale","Luscinia luscinia",,"Sunny Tseng",2025-05-07,07:00,"Zuvintas Biosphere",Lithuania,54.4573,23.6364,80,song,"Audio processed by -3dB normalization and 300 Hz (6dB) high-pass filter",,1152264,https://creativecommons.org/licenses/by-nc-sa/4.0/
"Thrush Nightingale","Luscinia luscinia",,"Sunny Tseng",2025-05-07,06:30,"Zuvintas Biosphere",Lithuania,54.4573,23.6364,80,song,"Audio processed by -3dB normalization and 300 Hz (6dB) high-pass filter",,1152258,https://creativecommons.org/licenses/by-nc-sa/4.0/
"Thrush Nightingale","Luscinia luscinia",,"Lars Lachmann",2015-05-20,02:02,"Nemunas Delta area, Lithuania",Lithuania,55.3617,21.2163,0,song,"long recording (8:45 min) of male singing at night without break, in background two more males and two corncrakes","Crex crex",245720,https://creativecommons.org/licenses/by-nc-sa/4.0/
"Thrush Nightingale","Luscinia luscinia",,"Jacques PREVOST",2005-05-26,?:?,"Neringa peninsula",Lithuania,55.4634,21.0806,0,song,,,78935,https://creativecommons.org/licenses/by-nc-nd/2.5/
"Thrush Nightingale","Luscinia luscinia",,Edvard,2020-05-21,00:30,"Žvėrynas eldership (near  Vilnius), Vilniaus miesto savivaldybė, Vilniaus apskritis",Lithuania,54.6915,25.2437,90,song,,,562391,https://creativecommons.org/licenses/by-nc-sa/4.0/
"Thrush Nightingale","Luscinia luscinia",,"Dmitry Kulakov",2016-05-24,06:30,"Tauragės miesto seniūnija (near  Tauragė), Tauragės rajono savivaldybė, Tauragės apskritis",Lithuania,55.2575,22.2628,20,song,,,318797,https://creativecommons.org/licenses/by-nc-sa/4.0/
"Thrush Nightingale","Luscinia luscinia",,"Stephan Risch",2024-06-21,16:01,"Suverai and environment",Lithuania,55.3964,21.2547,0,call,,,917773,https://creativecommons.org/licenses/by-nc-sa/4.0/
"European Pied Flycatcher","Ficedula hypoleuca",,"Sunny Tseng",2025-05-11,12:00,"Juodkrantė (sound catcher)",Lithuania,55.5546,21.1164,50,song,"Audio processed by high-pass filter (300 Hz, 6dB) and normalization (-3dB). ",,1152662,https://creativecommons.org/licenses/by-nc-sa/4.0/
"European Pied Flycatcher","Ficedula hypoleuca",,"Sunny Tseng",2025-05-11,12:00,"Juodkrantė (sound catcher)",Lithuania,55.5546,21.1164,50,song,"Audio processed by high-pass filter (300 Hz, 6dB) and normalization (-3dB). ",,1152661,https://creativecommons.org/licenses/by-nc-sa/4.0/
"European Pied Flycatcher","Ficedula hypoleuca",,"Francesco Sottile",2018-07-02,13:19,"Verkių seniūnija (near  Vilnius), Vilniaus miesto savivaldybė, Vilniaus apskritis",Lithuania,54.7639,25.2736,180,call,,"Regulus regulus,Fringilla coelebs",424291,https://creativecommons.org/licenses/by-nc-sa/4.0/
"European Pied Flycatcher","Ficedula hypoleuca",,"Juan Verhelst",2014-06-24,14:08,"Senamiesčio seniūnija (near  Vilnius), Vilniaus miesto savivaldybė, Vilnius County",Lithuania,54.6851,25.2967,100,call,"Contact call. Several birds spread in 25 m radius calling, I thought of crickets, but seems were chicks. Around was a possible female of Ficedula hypoleuca, but around saw also also that resembled a Muscicapa striata juv. Therefore not sure who was with who since all of them were moving around very close.
Needs confirmation from curator.",,183481,https://creativecommons.org/licenses/by-nc-sa/4.0/
"European Pied Flycatcher","Ficedula hypoleuca",,"Juan Verhelst",2014-05-25,12:00,"Verkių seniūnija (near  Vilnius), Vilniaus miesto savivaldybė, Vilnius County",Lithuania,54.7743,25.3385,110,"alarm call","A female, extremely allarmed by a Eurasian Wryneck exploring a cavity in an apple tree just below a box that she was using.",,180110,https://creativecommons.org/licenses/by-nc-sa/4.0/
"European Pied Flycatcher","Ficedula hypoleuca",,"Juan Verhelst",2014-05-25,12:30,"Verkių seniūnija (near  Vilnius), Vilniaus miesto savivaldybė, Vilnius County",Lithuania,54.7743,25.3385,110,song,"Low pass filter at 7056 Hz.",,180109,https://creativecommons.org/licenses/by-nc-sa/4.0/
"European Pied Flycatcher","Ficedula hypoleuca",,"Juan Verhelst",2014-05-23,20:30,"Senamiesčio seniūnija (near  Vilnius), Vilniaus miesto savivaldybė, Vilnius County",Lithuania,54.6824,25.2968,100,call,,,179655,https://creativecommons.org/licenses/by-nc-sa/4.0/
"Common Redstart","Phoenicurus phoenicurus",,"Sunny Tseng",2025-05-03,07:30,"Vilnius forest ",Lithuania,54.8457,25.3958,150,song,"Audio processed in Audacity with -3 dB normalization and a 300 Hz (6 dB/octave) high-pass filter.",,1151553,https://creativecommons.org/licenses/by-nc-sa/4.0/
"Common Redstart","Phoenicurus phoenicurus",,"Sunny Tseng",2025-05-03,07:30,"Vilnius forest ",Lithuania,54.8457,25.3958,150,song,"Audio processed in Audacity with -3 dB normalization and a 300 Hz (6 dB/octave) high-pass filter.",,1151552,https://creativecommons.org/licenses/by-nc-sa/4.0/
"Common Redstart","Phoenicurus phoenicurus",,"Sunny Tseng",2025-05-03,07:30,"Vilnius forest ",Lithuania,54.8457,25.3958,150,song,"Audio processed in Audacity with -3 dB normalization and a 300 Hz (6 dB/octave) high-pass filter.",,1151551,https://creativecommons.org/licenses/by-nc-sa/4.0/
"Common Redstart","Phoenicurus phoenicurus",,"Stephan Risch",2024-06-18,09:28,"Klaipėda, Giruliai",Lithuania,55.7667,21.0907,30,song,,"Turdus merula",921232,https://creativecommons.org/licenses/by-nc-sa/4.0/
"Common Redstart","Phoenicurus phoenicurus",,Laura,2017-05-22,19:00,"Verkių seniūnija (near  Vilnius), Vilniaus miesto savivaldybė, Vilnius County",Lithuania,54.7743,25.3385,110,song,"In the evening in the little forest near the house.",,371646,https://creativecommons.org/licenses/by-nc-sa/4.0/
"Common Redstart","Phoenicurus phoenicurus",,"Juan Verhelst",2014-06-25,20:49,"Senamiesčio seniūnija (near  Vilnius), Vilnius city municipality, Vilnius County",Lithuania,54.684,25.2857,100,song,"Recording has a bit of noise since was done the side of a street, so passed a highpass filter to clear it up a bit.",,186060,https://creativecommons.org/licenses/by-nc-sa/4.0/
"Common Redstart","Phoenicurus phoenicurus",,"Juan Verhelst",2014-06-25,20:48,"Senamiesčio seniūnija (near  Vilnius), Vilnius city municipality, Vilnius County",Lithuania,54.684,25.2857,100,song,"Recording has a bit of noise since was done the side of a street, so passed a highpass filter to clear it up a bit.",,186059,https://creativecommons.org/licenses/by-nc-sa/4.0/
"Common Redstart","Phoenicurus phoenicurus",,"Juan Verhelst",2014-06-22,19:46,"Senamiesčio seniūnija (near  Vilnius), Vilniaus miesto savivaldybė, Vilnius County",Lithuania,54.6836,25.2961,100,call,"Semiopen area with scatrered trees, mixed species. Singing at some 5 m in a tree, then on a fence.",,183480,https://creativecommons.org/licenses/by-nc-sa/4.0/
Whinchat,"Saxicola rubetra",,"Sunny Tseng",2025-05-08,03:30,"Zuvintas Biosphere (crane site)",Lithuania,54.4474,23.6083,80,song,"Audio processed by high-pass filter (300Hz, 6dB) and normalization (-3dB). ",,1152691,https://creativecommons.org/licenses/by-nc-sa/4.0/
"House Sparrow","Passer domesticus",,"Rostyslav Romanyshyn",2019-09-07,13:30,"Senamiestis Eldership (near  Vilnius), Vilniaus miesto savivaldybė, Vilniaus apskritis",Lithuania,54.6865,25.2933,100,call,,,524219,https://creativecommons.org/licenses/by-nc-sa/4.0/
Dunnock,"Prunella modularis",modularis,"Jarek Matusiak",2016-06-29,15:00,"Lazdijų seniūnija (near  Virbalai), Lazdijų rajono savivaldybė, Alytaus apskritis",Lithuania,54.2484,23.4118,180,song,,,325335,https://creativecommons.org/licenses/by-nc-sa/4.0/
"Western Yellow Wagtail","Motacilla flava",,"Stephan Risch",2024-06-21,11:07,"Suverai and environment",Lithuania,55.3964,21.2547,0,song,,"Motacilla flava",917768,https://creativecommons.org/licenses/by-nc-sa/4.0/
"White Wagtail","Motacilla alba",,"Juan Verhelst",2014-06-23,16:50,"Verkių seniūnija (near  Vilnius), Vilniaus miesto savivaldybė, Vilnius County",Lithuania,54.7743,25.3385,110,"begging call","Juvenile begging call. Accelerated call frequency when parent brought food.
Semiopen area, on abandoned wooden small shed.",,183483,https://creativecommons.org/licenses/by-nc-sa/4.0/
"White Wagtail","Motacilla alba",,Aladdin,2024-06-06,09:30,"33 Kvėdarnos gatvė, Alkupis",Lithuania,55.5807,22.1183,120,song,"Recorded with my mobile phone. High Pass Filter applied with Audacity


Sitting on a wire next to a Yellowhammer",,910986,https://creativecommons.org/licenses/by-nc-sa/4.0/
"Tawny Pipit","Anthus campestris",,"Sunny Tseng",2025-05-13,08:00,"Parnidis Dune",Lithuania,55.2859,20.9744,10,song,"Audio processed by normalization (-3dB) and high-pass filter (300Hz, 6dB)",,1152723,https://creativecommons.org/licenses/by-nc-sa/4.0/
"Tawny Pipit","Anthus campestris",,"Sunny Tseng",2025-05-13,08:00,"Parnidis Dune",Lithuania,55.2859,20.9744,10,song,"Audio processed by normalization (-3dB) and high-pass filter (300Hz, 6dB)",,1152722,https://creativecommons.org/licenses/by-nc-sa/4.0/
"Tawny Pipit","Anthus campestris",,"Sunny Tseng",2025-05-13,08:00,"Parnidis Dune",Lithuania,55.2859,20.9744,10,song,"Audio processed by normalization (-3dB) and high-pass filter (300Hz, 6dB)",,1152726,https://creativecommons.org/licenses/by-nc-sa/4.0/
"Tawny Pipit","Anthus campestris",,"Sunny Tseng",2025-05-13,08:00,"Parnidis Dune",Lithuania,55.2859,20.9744,10,song,"Audio processed by normalization (-3dB) and high-pass filter (300Hz, 6dB)",,1152725,https://creativecommons.org/licenses/by-nc-sa/4.0/
"Tawny Pipit","Anthus campestris",,"Sunny Tseng",2025-05-13,08:00,"Parnidis Dune",Lithuania,55.2859,20.9744,10,song,"Audio processed by normalization (-3dB) and high-pass filter (300Hz, 6dB)",,1152721,https://creativecommons.org/licenses/by-nc-sa/4.0/
"Tawny Pipit","Anthus campestris",,"Antoni Knychała",2017-06-06,20:00,"Kuršių Nerija National Park, Neringos savivaldybė, Klaipėda County",Lithuania,55.303,20.9758,0,song,"High and low pass filter, noise reduction",,376996,https://creativecommons.org/licenses/by-nc-sa/4.0/
"Tree Pipit","Anthus trivialis",,"Juan Verhelst",2014-07-05,10:59,"Buivydžių seniūnija (near  Pakalnės), Vilnius District Municipality, Vilnius County",Lithuania,54.8425,25.5824,160,"flight call, song","Made a highpass filter since at some point there was a chainsaw sound.
At some point in sustained flight with widely open wings and hovering slightly but almost soaring for a bit.
Small bird, wings seems some how triangular and saw it brown from below.
In a conifer forest, some 25-30 m canopy, relatively clear undergrowth, with mosses and small bushes such as blueberries.
Identified as Anthus trivialis by Piotr Szczypinski.",,186080,https://creativecommons.org/licenses/by-nc-sa/4.0/
"Common Chaffinch","Fringilla coelebs",,"Sunny Tseng",2025-05-13,08:00,"Parnidis Dune",Lithuania,55.2859,20.9744,10,call,"Audio processed by normalization (-3dB) and high-pass filter (300Hz, 6dB)",,1152741,https://creativecommons.org/licenses/by-nc-sa/4.0/
"Common Chaffinch","Fringilla coelebs",,"Sunny Tseng",2025-05-13,08:00,"Parnidis Dune",Lithuania,55.2859,20.9744,10,"call, song","Audio processed by normalization (-3dB) and high-pass filter (300Hz, 6dB)",,1152733,https://creativecommons.org/licenses/by-nc-sa/4.0/
"Common Chaffinch","Fringilla coelebs",,"Sunny Tseng",2025-05-11,12:00,"Juodkrantė (sound catcher)",Lithuania,55.5546,21.1164,50,call,"Audio processed by high-pass filter (300 Hz, 6dB) and normalization (-3dB). ",,1152676,https://creativecommons.org/licenses/by-nc-sa/4.0/
"Common Chaffinch","Fringilla coelebs",,"Sunny Tseng",2025-05-11,12:00,"Juodkrantė (sound catcher)",Lithuania,55.5546,21.1164,50,song,"Audio processed by high-pass filter (300 Hz, 6dB) and normalization (-3dB). ",,1152659,https://creativecommons.org/licenses/by-nc-sa/4.0/
"Common Chaffinch","Fringilla coelebs",,"Sunny Tseng",2025-05-11,07:30,"Nida (reed area)",Lithuania,55.3117,21.0123,0,song,"Audio processed by normalization (-3dB) and high-pass filter (300 Hz, 6dB). ",,1152618,https://creativecommons.org/licenses/by-nc-sa/4.0/
"Common Chaffinch","Fringilla coelebs",,"Sunny Tseng",2025-05-08,08:30,"Zuvintas Biosphere (nature trail) ",Lithuania,54.4398,23.4184,110,call,"Audio processed by high-pass filter (300Hz at 6dB) and normalization (-3dB). ",,1152309,https://creativecommons.org/licenses/by-nc-sa/4.0/
"Common Chaffinch","Fringilla coelebs",,"Sunny Tseng",2025-05-08,08:30,"Zuvintas Biosphere (nature trail) ",Lithuania,54.4398,23.4184,110,song,"Audio processed by high-pass filter (300Hz at 6dB) and normalization (-3dB). ","Fringilla coelebs,Turdus merula,Parus major,Troglodytes troglodytes",1152306,https://creativecommons.org/licenses/by-nc-sa/4.0/
"Common Chaffinch","Fringilla coelebs",,"Sunny Tseng",2025-05-08,08:30,"Zuvintas Biosphere (nature trail) ",Lithuania,54.4398,23.4184,110,call,"Audio processed by high-pass filter (300Hz at 6dB) and normalization (-3dB). ",,1152297,https://creativecommons.org/licenses/by-nc-sa/4.0/
"Common Chaffinch","Fringilla coelebs",,"Sunny Tseng",2025-05-08,08:30,"Zuvintas Biosphere (nature trail) ",Lithuania,54.4398,23.4184,110,song,"Audio processed by high-pass filter (300Hz at 6dB) and normalization (-3dB). ",,1152296,https://creativecommons.org/licenses/by-nc-sa/4.0/
"Common Chaffinch","Fringilla coelebs",,"Sunny Tseng",2025-05-08,08:30,"Zuvintas Biosphere (nature trail) ",Lithuania,54.4398,23.4184,110,call,"Audio processed by high-pass filter (300Hz at 6dB) and normalization (-3dB). ",,1152295,https://creativecommons.org/licenses/by-nc-sa/4.0/
"Common Chaffinch","Fringilla coelebs",,"Sunny Tseng",2025-05-03,08:00,"Vilnius forest ",Lithuania,54.8457,25.3958,150,song,"Audio processed by Audacity: 3dB normalization and 300 Hz (6dB) high-pass filter",,1151574,https://creativecommons.org/licenses/by-nc-sa/4.0/
"Common Chaffinch","Fringilla coelebs",,"Sunny Tseng",2025-05-03,07:30,"Vilnius forest ",Lithuania,54.8457,25.3958,150,song,"Audio processed in Audacity with -3 dB normalization and a 300 Hz (6 dB/octave) high-pass filter.",,1151558,https://creativecommons.org/licenses/by-nc-sa/4.0/
"Common Chaffinch","Fringilla coelebs",coelebs,"Jarek Matusiak",2018-04-07,11:00,"Varėnos rajono savivaldybė, Alytaus apskritis",Lithuania,54.0504,24.3919,130,"call, finch","en - ""finch"" call, de - ""fink"" stimme",,592349,https://creativecommons.org/licenses/by-nc-sa/4.0/
"Common Chaffinch","Fringilla coelebs",coelebs,"Jarek Matusiak",2018-04-07,11:00,"Varėnos rajono savivaldybė, Alytaus apskritis",Lithuania,54.0504,24.3919,130,"call, finch","en - ""finch"" call, de - ""fink"" stimme",,592302,https://creativecommons.org/licenses/by-nc-sa/4.0/
"Common Chaffinch","Fringilla coelebs",coelebs,"Jarek Matusiak",2018-04-07,11:00,"Varėnos rajono savivaldybė, Alytaus apskritis",Lithuania,54.0504,24.3919,130,"call, cirkanie, raincall, rülsch, рюмение","pl - cirkanie, ru - рюмение, en - raincall, de - rülsch",,592301,https://creativecommons.org/licenses/by-nc-sa/4.0/
"Common Chaffinch","Fringilla coelebs",,"Sunny Tseng",2025-05-08,08:30,"Zuvintas Biosphere (nature trail) ",Lithuania,54.4398,23.4184,110,song,"Audio processed by high-pass filter (300Hz at 6dB) and normalization (-3dB). ",,1152312,https://creativecommons.org/licenses/by-nc-sa/4.0/
"Common Chaffinch","Fringilla coelebs",,"Sunny Tseng",2025-05-03,07:30,"Vilnius forest ",Lithuania,54.8457,25.3958,150,song,"Audio processed in Audacity with -3 dB normalization and a 300 Hz (6 dB/octave) high-pass filter.",,1151562,https://creativecommons.org/licenses/by-nc-sa/4.0/
"Common Chaffinch","Fringilla coelebs",,"Sunny Tseng",2025-05-03,07:30,"Vilnius forest ",Lithuania,54.8457,25.3958,150,song,"Audio processed in Audacity with -3 dB normalization and a 300 Hz (6 dB/octave) high-pass filter.",,1151557,https://creativecommons.org/licenses/by-nc-sa/4.0/
"Common Chaffinch","Fringilla coelebs",,"Stephan Risch",2024-06-17,19:18,"Klaipėda, Giruliai",Lithuania,55.7667,21.0907,30,song,,,921240,https://creativecommons.org/licenses/by-nc-sa/4.0/
"Common Chaffinch","Fringilla coelebs",,"Stephan Risch",2024-06-18,10:53,"Kuronian Spit, Juodkrantė, village",Lithuania,55.5436,21.121,0,song,,,918109,https://creativecommons.org/licenses/by-nc-sa/4.0/
"Common Chaffinch","Fringilla coelebs",,"Stephan Risch",2024-06-21,11:15,"Suverai and environment",Lithuania,55.3964,21.2547,0,song,,,917769,https://creativecommons.org/licenses/by-nc-sa/4.0/
"Common Chaffinch","Fringilla coelebs",,"Igoris S.",2023-06-12,10:30,"Zarasų seniūnija (near  Šiurpiškės), Zarasai District Municipality, Utena County",Lithuania,55.6628,26.1535,180,song,"No changes on sound - as recorded.","Ficedula parva,Fringilla coelebs",896525,https://creativecommons.org/licenses/by-nc-sa/4.0/
"Common Chaffinch","Fringilla coelebs",,"Jonas Šiurys",2020-05-08,06:00,"Verkiai Regional Park (near  Vilnius), Vilniaus miesto savivaldybė, Vilniaus apskritis",Lithuania,54.7902,25.3281,160,song,,,555726,https://creativecommons.org/licenses/by-nc-sa/4.0/
"Common Chaffinch","Fringilla coelebs",,"Dmitry Kulakov",2019-05-26,18:30,"Alytaus seniūnija (near  Radžiūnai), Alytaus rajono savivaldybė, Alytaus apskritis",Lithuania,54.3681,24.0083,80,song,,,478552,https://creativecommons.org/licenses/by-nc-sa/4.0/
"Common Chaffinch","Fringilla coelebs",,"Stephan Risch",2024-06-18,11:01,"Juodkrante, Forest path to beach",Lithuania,55.5413,21.11,40,song,,,918055,https://creativecommons.org/licenses/by-nc-sa/4.0/
"Common Chaffinch","Fringilla coelebs",coelebs,"Augustas Šimkus",2024-04-30,14:50,"Antakalnis Eldership, Vilnius City Municipality, Vilnius County",Lithuania,54.7177,25.3129,100,"imitation, song","Mimicking Eurasian Wren, switching to normal song at the end of recording.","Parus major",899512,https://creativecommons.org/licenses/by-nc-sa/4.0/
"Common Chaffinch","Fringilla coelebs",,"Juan Verhelst",2014-06-22,19:46,"Senamiesčio seniūnija (near  Vilnius), Vilniaus miesto savivaldybė, Vilnius County",Lithuania,54.6831,25.2978,100,song,,,183482,https://creativecommons.org/licenses/by-nc-sa/4.0/
"Common Chaffinch","Fringilla coelebs",,"Juan Verhelst",2014-06-15,16:09,"Verkių seniūnija (near  Vilnius), Vilniaus miesto savivaldybė, Vilnius County",Lithuania,54.7729,25.3378,120,song,"Conifer woodland border, near a small stream.",,183386,https://creativecommons.org/licenses/by-nc-sa/4.0/
"Common Chaffinch","Fringilla coelebs",,"Juan Verhelst",2014-06-04,12:41,"Palangos miesto savivaldybė (near  Palanga), Palangos miesto savivaldybė, Klaipėda County",Lithuania,55.9086,21.0616,20,song,,,183168,https://creativecommons.org/licenses/by-nc-sa/4.0/
"Common Chaffinch","Fringilla coelebs",,"Juan Verhelst",2014-06-04,12:40,"Palangos miesto savivaldybė (near  Palanga), Palangos miesto savivaldybė, Klaipėda County",Lithuania,55.9086,21.0616,20,song,"Conifer woodland, planted; canopy at some 30-35 m. Undergrowth with other native plants not very dense.
I think in this recording there is a particular ending in the song not noticed in other of my recordings before.",,182511,https://creativecommons.org/licenses/by-nc-sa/4.0/
"Common Chaffinch","Fringilla coelebs",,"Juan Verhelst",2014-06-03,13:00,"Kretingos miesto seniūnija (near  Kretinga), Kretinga district municipality, Klaipėda County",Lithuania,55.8918,21.2423,20,call,"Cricket call.",,182507,https://creativecommons.org/licenses/by-nc-sa/4.0/
"Common Chaffinch","Fringilla coelebs",,"Juan Verhelst",2014-05-24,11:00,"Antakalnio seniūnija (near  Vilnius), Vilniaus miesto savivaldybė, Vilnius County",Lithuania,54.7353,25.4043,140,song,,,179680,https://creativecommons.org/licenses/by-nc-sa/4.0/
"Common Chaffinch","Fringilla coelebs",,"Juan Verhelst",2012-05-20,17:00,"Verkių seniūnija (near  Vilnius), Vilniaus miesto savivaldybė, Vilnius County",Lithuania,54.7743,25.3385,110,call,"The recording was slightly modified, filtered with a high pass (about 2000 hz), recording taking with a mobile phone (Sony-E k800i), therefore a range of frequencies lost and quality not very high.",,147899,https://creativecommons.org/licenses/by-nc-sa/3.0/
Brambling,"Fringilla montifringilla",,"Sunny Tseng",2025-05-07,07:00,"Zuvintas Biosphere",Lithuania,54.4573,23.6364,80,song,"Audio processed by -3dB normalization and 300 Hz (6dB) high-pass filter",,1152276,https://creativecommons.org/licenses/by-nc-sa/4.0/
"Common Rosefinch","Carpodacus erythrinus",,"Stephan Risch",2024-06-21,10:06,"Silute, around lock S Stankiskiai",Lithuania,55.3682,21.2509,-10,song,,,918138,https://creativecommons.org/licenses/by-nc-sa/4.0/
"Common Rosefinch","Carpodacus erythrinus",,"Juan Verhelst",2014-06-05,17:02,"Palangos miesto savivaldybė (near  Palanga), Palangos miesto savivaldybė, Klaipėda County",Lithuania,55.9261,21.0567,0,song,"Dunes behind beach. Planted conifer woodland with some other bushes and tress mixed mainly in undergrowth.
Had some red on breast, male?",,183173,https://creativecommons.org/licenses/by-nc-sa/4.0/
"Common Rosefinch","Carpodacus erythrinus",,"Jacques PREVOST",2005-05-26,10:30,Neringa,Lithuania,55.4634,21.0806,0,song,,"Fringilla coelebs",78954,https://creativecommons.org/licenses/by-nc-nd/2.5/
"Common Rosefinch","Carpodacus erythrinus",,"Stephan Risch",2024-06-22,09:40,"Kintai Fish Ponds S near Suvernai",Lithuania,55.3922,21.2653,0,song,,,915844,https://creativecommons.org/licenses/by-nc-sa/4.0/
"Common Rosefinch","Carpodacus erythrinus",,"Juan Verhelst",2014-06-04,14:57,"Palangos miesto savivaldybė (near  Palanga), Palangos miesto savivaldybė, Klaipėda County",Lithuania,55.9025,21.0524,10,song,"Conifer woodland, planted; canopy at some 30-35 m. Undergrowth with other native plants not dense. Behind beach dunes.
Juvenile or Immature, if females do not sing then a male.
After playback.",,182521,https://creativecommons.org/licenses/by-nc-sa/4.0/
"Common Rosefinch","Carpodacus erythrinus",,"Juan Verhelst",2014-06-04,14:54,"Palangos miesto savivaldybė (near  Palanga), Palangos miesto savivaldybė, Klaipėda County",Lithuania,55.9025,21.0524,10,song,"Conifer woodland, planted; canopy at some 30-35 m. Undergrowth with other native plants not dense. Behind beach dunes.
Juvenile or Immature, if females do not sing then a male.",,182519,https://creativecommons.org/licenses/by-nc-sa/4.0/
"Common Rosefinch","Carpodacus erythrinus",,"Juan Verhelst",2012-05-28,16:30,"Kuršių Nerija National Park, Neringos savivaldybė, Klaipėda County",Lithuania,55.303,20.9758,2,song,"Bird on top of bushes, behind the beach. Other indivisual siinging nearby; also saw a female.
The recording was slightly modified, filtered with a high pass (about 2000 hz), recording taking with a mobile phone (Sony-E k800i), therefore a range of frequencies lost and quality not very high.",,147886,https://creativecommons.org/licenses/by-nc-sa/3.0/
"European Greenfinch","Chloris chloris",,"Kevin Ortega",2021-04-25,04:30,"Domeikavos seniūnija (near  Šakiai), Kauno rajono savivaldybė, Kauno apskritis",Lithuania,54.9601,23.8838,70,song,"Cant recognise this bird, please help, thanks!",,642404,https://creativecommons.org/licenses/by/4.0/
"European Greenfinch","Chloris chloris",,"Juan Verhelst",2014-06-15,15:35,"Verkių seniūnija (near  Vilnius), Vilniaus miesto savivaldybė, Vilnius County",Lithuania,54.7743,25.3385,110,"call, song","Semi-open area.
Identified initially as Spinus spinus, identity corrected by Herman van der Meer (See discussion).
Seems that misjudged size and colouration in this one, would like to see it more carefully again next 5-6/7/14.",,183377,https://creativecommons.org/licenses/by-nc-sa/4.0/
"European Greenfinch","Chloris chloris",,"Stephan Risch",2024-06-21,16:12,"Suverai and environment",Lithuania,55.3964,21.2547,0,"call, song",,,917774,https://creativecommons.org/licenses/by-nc-sa/4.0/
"European Greenfinch","Chloris chloris",,"Juan Verhelst",2014-06-14,17:52,"Verkių seniūnija (near  Vilnius), Vilniaus miesto savivaldybė, Vilnius County",Lithuania,54.7743,25.3385,110,"call, song","Area abierta en tendido electrico.
After playback.
Identified initially as Spinus spinus, identity corrected by Herman van der Meer (See discussion).
Seems that misjudged size and colouration in this one, would like to see it more carefully again next 5-6/7/14.",,183371,https://creativecommons.org/licenses/by-nc-sa/4.0/
"European Greenfinch","Chloris chloris",,"Juan Verhelst",2014-06-14,17:46,"Verkių seniūnija (near  Vilnius), Vilniaus miesto savivaldybė, Vilnius County",Lithuania,54.7743,25.3385,110,"call, song","Area abierta en tendido electrico.
Identified initially as Spinus spinus, identity corrected by Herman van der Meer (See discussion).
Seems that misjudged size and colouration in this one, would like to see it more carefully again next 5-6/7/14.",,183370,https://creativecommons.org/licenses/by-nc-sa/4.0/
"European Greenfinch","Chloris chloris",,"Juan Verhelst",2014-06-14,16:50,"Verkių seniūnija (near  Vilnius), Vilniaus miesto savivaldybė, Vilnius County",Lithuania,54.7743,25.3385,110,"call, song","Area abierta en tendido electrico.
Identified initially as Spinus spinus, identity corrected by Herman van der Meer (See discussion).
Seems that misjudged size and colouration in this one, would like to see it more carefully again next 5-6/7/14.",,183368,https://creativecommons.org/licenses/by-nc-sa/4.0/
"Common Linnet","Linaria cannabina",,"Stephan Risch",2024-06-21,11:17,"Suverai and environment",Lithuania,55.3964,21.2547,0,song,,,917770,https://creativecommons.org/licenses/by-nc-sa/4.0/
"European Goldfinch","Carduelis carduelis",,"Juan Verhelst",2014-05-24,14:00,"Antakalnio seniūnija (near  Vilnius), Vilniaus miesto savivaldybė, Vilnius County",Lithuania,54.7356,25.4044,140,song,"Sunny day.",,180114,https://creativecommons.org/licenses/by-nc-sa/4.0/
"European Serin","Serinus serinus",,"Sunny Tseng",2025-05-02,05:00,Vilnius,Lithuania,54.8387,25.4469,150,song,"Audio processed with high-pass filter.",,1150384,https://creativecommons.org/licenses/by-nc-sa/4.0/
"European Serin","Serinus serinus",,"Sunny Tseng",2025-05-02,04:30,Vilnius,Lithuania,54.8387,25.4469,150,song,"Audio processed with high-pass filter.",,1150382,https://creativecommons.org/licenses/by-nc-sa/4.0/
"Eurasian Siskin","Spinus spinus",,"Sławomir Karpicki-Ignatowski",2023-08-05,07:00,"Liubavo seniūnija (near  Salaperaugis), Kalvarijos savivaldybė, Marijampolės apskritis",Lithuania,54.3301,23.1264,180,call,,"Muscicapa striata,Acrocephalus arundinaceus,Anas platyrhynchos",820857,https://creativecommons.org/licenses/by-nc-sa/4.0/
Yellowhammer,"Emberiza citrinella",,"Sunny Tseng",2025-05-08,03:30,"Zuvintas Biosphere (crane site)",Lithuania,54.4474,23.6083,80,call,"Audio processed by high-pass filter (300Hz, 6dB) and normalization (-3dB). ",,1152689,https://creativecommons.org/licenses/by-nc-sa/4.0/
Yellowhammer,"Emberiza citrinella",,"Sunny Tseng",2025-05-11,10:00,"Parnidis Dune",Lithuania,55.2859,20.9744,10,song,"Audio processed by normalization (-3dB), and high-pass filter (300 Hz with 6dB). ",,1152624,https://creativecommons.org/licenses/by-nc-sa/4.0/
Yellowhammer,"Emberiza citrinella",,"Francesco Sottile",2018-07-03,12:24,"Nemenčinės seniūnija (near  Girija), Vilniaus rajono savivaldybė, Vilniaus apskritis",Lithuania,54.9122,25.3203,160,song,,"Sylvia atricapilla",424324,https://creativecommons.org/licenses/by-nc-sa/4.0/
Yellowhammer,"Emberiza citrinella",,"Juan Verhelst",2014-06-28,10:23,"Buivydžių seniūnija (near  Pakalnės), Vilnius District Municipality, Vilnius County",Lithuania,54.8425,25.5824,160,song,"Recording with a bit of noise since it was taken to the side of a motorway, therefore applied a highpass filter to clear it up a bit.",,186068,https://creativecommons.org/licenses/by-nc-sa/4.0/
Yellowhammer,"Emberiza citrinella",,"Juan Verhelst",2014-06-28,10:18,"Buivydžių seniūnija (near  Pakalnės), Vilnius District Municipality, Vilnius County",Lithuania,54.8425,25.5824,160,song,"Recording with a bit of noise since it was taken to the side of a motorway, therefore applied a highpass filter to clear it up a bit.",,186066,https://creativecommons.org/licenses/by-nc-sa/4.0/
Yellowhammer,"Emberiza citrinella",,"Juan Verhelst",2014-06-21,15:43,"Verkių seniūnija (near  Vilnius), Vilniaus miesto savivaldybė, Vilnius County",Lithuania,54.7743,25.3385,110,call,,,183471,https://creativecommons.org/licenses/by-nc-sa/4.0/
Yellowhammer,"Emberiza citrinella",,"Stephan Risch",2024-06-21,09:20,"Silute, around lock S Stankiskiai",Lithuania,55.3682,21.2509,-10,song,,,918134,https://creativecommons.org/licenses/by-nc-sa/4.0/
Yellowhammer,"Emberiza citrinella",,"Juan Verhelst",2014-06-21,15:44,"Verkių seniūnija (near  Vilnius), Vilniaus miesto savivaldybė, Vilnius County",Lithuania,54.7743,25.3385,110,call,,,183473,https://creativecommons.org/licenses/by-nc-sa/4.0/
Yellowhammer,"Emberiza citrinella",,"Juan Verhelst",2014-06-14,17:40,"Verkių seniūnija (near  Vilnius), Vilniaus miesto savivaldybė, Vilnius County",Lithuania,54.7743,25.3385,110,song,"Area abierta en tendido electrico.",,183373,https://creativecommons.org/licenses/by-nc-sa/4.0/
Yellowhammer,"Emberiza citrinella",,"Juan Verhelst",2014-06-14,17:01,"Verkių seniūnija (near  Vilnius), Vilniaus miesto savivaldybė, Vilnius County",Lithuania,54.7743,25.3385,110,song,"Area abierta en tendido electrico.",,183372,https://creativecommons.org/licenses/by-nc-sa/4.0/
Yellowhammer,"Emberiza citrinella",,"Juan Verhelst",2014-06-14,17:01,"Verkių seniūnija (near  Vilnius), Vilniaus miesto savivaldybė, Vilnius County",Lithuania,54.7743,25.3385,110,"call, song","Area abierta en tendido electrico.",,183369,https://creativecommons.org/licenses/by-nc-sa/4.0/
Yellowhammer,"Emberiza citrinella",,"Juan Verhelst",2014-06-03,18:00,"Palangos miesto savivaldybė (near  Palanga), Palangos miesto savivaldybė, Klaipėda County",Lithuania,55.9298,21.0576,0,song,,,182509,https://creativecommons.org/licenses/by-nc-sa/4.0/
"Common Reed Bunting","Emberiza schoeniclus",,"Stephan Risch",2024-06-21,09:26,"Silute, around lock S Stankiskiai",Lithuania,55.3682,21.2509,-10,song,,,918135,https://creativecommons.org/licenses/by-nc-sa/4.0/
"Large Conehead","Ruspolia nitidula",,"Stephan Risch",2024-06-21,11:03,"Suverai and environment",Lithuania,55.3964,21.2547,0,uncertain,"Reeds within greenland.",,931471,https://creativecommons.org/licenses/by-nc-sa/4.0/
"Upland Green Bush-cricket","Tettigonia cantans",,"Stephan Risch",2024-06-20,17:49,"Suverai and environment",Lithuania,55.3964,21.2547,0,uncertain,,,917650,https://creativecommons.org/licenses/by-nc-sa/4.0/
Soundscape,"Sonus naturalis",,"Sunny Tseng",2025-05-11,12:00,"Juodkrantė (sound catcher)",Lithuania,55.5546,21.1164,50,drumming,,"Fringilla coelebs,Periparus ater,Phylloscopus sibilatrix",1152684,https://creativecommons.org/licenses/by-nc-sa/4.0/
Soundscape,"Sonus naturalis",,"Sunny Tseng",2025-05-11,07:30,"Nida (reed area)",Lithuania,55.3117,21.0123,0,song,"Audio processed by normalization (-3dB) and high-pass filter (300 Hz, 6dB). ","Acrocephalus arundinaceus,Sylvia borin,Corvus cornix",1152621,https://creativecommons.org/licenses/by-nc-sa/4.0/
Soundscape,"Sonus naturalis",,"Sunny Tseng",2025-05-11,05:30,"Nida (reed area)",Lithuania,55.3117,21.0123,0,,,"Chroicocephalus ridibundus,Acrocephalus arundinaceus",1152573,https://creativecommons.org/licenses/by-nc-sa/4.0/
Soundscape,"Sonus naturalis",,"Sunny Tseng",2025-05-08,08:30,"Zuvintas Biosphere (nature trail) ",Lithuania,54.4398,23.4184,110,song,"Audio processed by high-pass filter (300Hz at 6dB) and normalization (-3dB). ","Fringilla coelebs,Turdus merula,Parus major,Troglodytes troglodytes",1152305,https://creativecommons.org/licenses/by-nc-sa/4.0/
Soundscape,"Sonus naturalis",,"Sunny Tseng",2025-05-09,07:00,"Zuvintas Biosphere",Lithuania,54.4474,23.6083,80,call,"Audio processed by 3dB normalization and 300 Hz (6dB) high-pass filter","Columba palumbus,Grus grus,Cuculus canorus,Acrocephalus schoenobaenus,Gallinago gallinago",1152279,https://creativecommons.org/licenses/by-nc-sa/4.0/
Soundscape,"Sonus naturalis",,"Sunny Tseng",2025-05-13,08:00,"Parnidis Dune",Lithuania,55.2859,20.9744,10,call,"Audio processed by normalization (-3dB) and high-pass filter (300Hz, 6dB)","Oriolus oriolus,Sylvia atricapilla",1152743,https://creativecommons.org/licenses/by-nc-sa/4.0/
Soundscape,"Sonus naturalis",,"Sunny Tseng",2025-05-09,07:00,"Zuvintas Biosphere",Lithuania,54.4474,23.6083,80,winnowing,"Audio processed by -3dB normalization and 300 Hz (6dB) high-pass filter","Cuculus canorus,Acrocephalus scirpaceus,Acrocephalus schoenobaenus,Gallinago gallinago,Curruca communis",1152290,https://creativecommons.org/licenses/by-nc-sa/4.0/
Soundscape,"Sonus naturalis",,"Sunny Tseng",2025-05-07,06:30,"Zuvintas Biosphere",Lithuania,54.4573,23.6364,80,,"Audio processed by -3dB normalization and 300 Hz (6dB) high-pass filter","Grus grus,Acrocephalus scirpaceus,Locustella luscinioides,Luscinia luscinia",1152261,https://creativecommons.org/licenses/by-nc-sa/4.0/
Soundscape,"Sonus naturalis",,"Teet Sirotkin",2022-05-28,22:00,"Šilutės seniūnija (near  Rupkalviai)",Lithuania,55.3226,21.4263,0,song,,"Cuculus canorus,Botaurus stellaris,Crex crex,Vanellus vanellus,Luscinia luscinia,Gallinago media,Limosa limosa,Spatula querquedula,Gallinago gallinago,Anas platyrhynchos",728699,https://creativecommons.org/licenses/by-nc-sa/4.0/
"Identity unknown","Mystery mystery",,darelas,2016-04-02,14:30,"Verkių seniūnija (near  Vilnius), Vilniaus miesto savivaldybė, Vilniaus apskritis",Lithuania,54.7773,25.3522,130,song,"very annoying theme tune. A meadow bird. It would be interesting to know what kind of it.",,390693,https://creativecommons.org/licenses/by-nc-sa/4.0/
"Great Spotted Woodpecker","Dendrocopos major",,"Sunny Tseng",2025-05-11,12:00,"Juodkrantė (sound catcher)",Lithuania,55.5546,21.1164,50,drumming,"Woodpecker sp. Same individual as XC1152673 and XC1152674. ","Fringilla coelebs",1152683,https://creativecommons.org/licenses/by-nc-sa/4.0/
"Identity unknown","Mystery mystery",,"Sunny Tseng",2025-05-11,07:30,"Nida (reed area)",Lithuania,55.3117,21.0123,0,call,"Audio processed by normalization (-3dB) and high-pass filter (300 Hz, 6dB). ",,1152619,https://creativecommons.org/licenses/by-nc-sa/4.0/
"European Robin","Erithacus rubecula",,"Sunny Tseng",2025-05-08,08:30,"Zuvintas Biosphere (nature trail) ",Lithuania,54.4398,23.4184,110,call,"Audio processed by high-pass filter (300Hz at 6dB) and normalization (-3dB). ",,1152299,https://creativecommons.org/licenses/by-nc-sa/4.0/
"Mute Swan","Cygnus olor",,"Sunny Tseng",2025-05-09,07:00,"Zuvintas Biosphere",Lithuania,54.4474,23.6083,80,"flight call","Saw the birds flying by, with swan shape, but uncertain whether they are Tundra Swan (Cygnus columbianus) or Whooper Swan (Cygnus cygnus). ",,1152283,https://creativecommons.org/licenses/by-nc-sa/4.0/
"Identity unknown","Mystery mystery",,"Sunny Tseng",2025-05-07,07:00,"Zuvintas Biosphere",Lithuania,54.4573,23.6364,80,song,"Audio processed by -3dB normalization and 300 Hz (6dB) high-pass filter",,1152273,https://creativecommons.org/licenses/by-nc-sa/4.0/
"Song Thrush","Turdus philomelos",,"Sunny Tseng",2025-05-03,08:00,"Vilnius forest ",Lithuania,54.8457,25.3958,150,song,"Audio processed by Audacity: 3dB normalization and 300 Hz (6dB) high-pass filter",,1151580,https://creativecommons.org/licenses/by-nc-sa/4.0/
"Identity unknown","Mystery mystery",,Dovydas,2025-07-31,22:00,"Šančių seniūnija (near  Kaunas), Kaunas City Municipality, Kauno apskritis",Lithuania,54.8837,23.9417,70,,"which bird?",,1024930,https://creativecommons.org/licenses/by-nc-sa/4.0/
"Identity unknown","Mystery mystery",,Dovydas,2025-07-31,22:00,"Šančių seniūnija (near  Kaunas), Kaunas City Municipality, Kauno apskritis",Lithuania,54.8837,23.9417,70,"aberrant, alarm call, flight call, nocturnal flight call","interesting sound",,1024921,https://creativecommons.org/licenses/by-nc-sa/4.0/
"Marsh Tit","Poecile palustris",,"Sunny Tseng",2025-05-13,08:00,"Parnidis Dune",Lithuania,55.2859,20.9744,10,call,"Audio processed by normalization (-3dB) and high-pass filter (300Hz, 6dB)",,1152742,https://creativecommons.org/licenses/by-nc-sa/4.0/
"Great Spotted Woodpecker","Dendrocopos major",,"Sunny Tseng",2025-05-11,12:00,"Juodkrantė (sound catcher)",Lithuania,55.5546,21.1164,50,drumming,"Audio processed by high-pass filter (300 Hz, 6dB) and normalization (-3dB). Woodpecker species. Same individual as XC1152673.",,1152674,https://creativecommons.org/licenses/by-nc-sa/4.0/
"Great Spotted Woodpecker","Dendrocopos major",,"Sunny Tseng",2025-05-11,12:00,"Juodkrantė (sound catcher)",Lithuania,55.5546,21.1164,50,pecking,"Audio processed by high-pass filter (300 Hz, 6dB) and normalization (-3dB). Woodpecker species. Same individual as XC1152674.",,1152673,https://creativecommons.org/licenses/by-nc-sa/4.0/
"Identity unknown","Mystery mystery",,"Sunny Tseng",2025-05-11,07:30,"Nida (reed area)",Lithuania,55.3117,21.0123,0,call,"Audio processed by normalization (-3dB) and high-pass filter (300 Hz, 6dB). ",,1152617,https://creativecommons.org/licenses/by-nc-sa/4.0/
"Eurasian Treecreeper","Certhia familiaris",,"Sunny Tseng",2025-05-08,08:30,"Zuvintas Biosphere (nature trail) ",Lithuania,54.4398,23.4184,110,call,"Might be Eurasian Treecreeper (Certhia familiaris), but uncertain. ",,1152311,https://creativecommons.org/licenses/by-nc-sa/4.0/
"Identity unknown","Mystery mystery",,"Kevin Ortega",2021-07-27,09:30,"Ignalinos miesto seniūnija (near  Ignalina), Ignalinos rajono savivaldybė, Utenos apskritis",Lithuania,55.3347,26.1659,170,song,"Cant identify this bird, very interesting song, never heard it before, please advise! :)",,665210,https://creativecommons.org/licenses/by-nc/4.0/
"Identity unknown","Mystery mystery",,Tomek,2020-09-28,12:30,"Rusnės seniūnija, Šilutės rajono savivaldybė, Klaipėdos apskritis",Lithuania,55.3383,21.3488,0,call,"What can it be? Voice from reed beds.
Thanks for help",,592439,https://creativecommons.org/licenses/by-nc-sa/4.0/
"Identity unknown","Mystery mystery",,"Sunny Tseng",2025-05-13,08:00,"Parnidis Dune",Lithuania,55.2859,20.9744,10,call,"Audio processed by normalization (-3dB) and high-pass filter (300Hz, 6dB)",,1152720,https://creativecommons.org/licenses/by-nc-sa/4.0/
"Identity unknown","Mystery mystery",,"Sunny Tseng",2025-05-08,03:30,"Zuvintas Biosphere (crane site)",Lithuania,54.4474,23.6083,80,call,"Audio processed by high-pass filter (300Hz, 6dB) and normalization (-3dB). ",,1152688,https://creativecommons.org/licenses/by-nc-sa/4.0/
"Identity unknown","Mystery mystery",,giedrius,2021-06-20,21:30,"S. Nėries muziejus (near  Kaunas), Kauno miesto savivaldybė, Kauno apskritis",Lithuania,54.9091,24.0578,70,call,"grass and small bushes, in people yard, sound unedited. ",,658044,https://creativecommons.org/licenses/by-nc-sa/4.0/
"Identity unknown","Mystery mystery",,zygisva,2020-04-11,19:00,"Culture and Leisure Park, Panevėžio miesto savivaldybė, Panevėžio apskritis",Lithuania,55.7385,24.3325,40,,"https://www.inaturalist.org/observations/41918334 ",,548855,https://creativecommons.org/licenses/by-nc-sa/4.0/
"Identity unknown","Mystery mystery",,"Augustas Raudonius",2024-12-29,10:00,"Priekulė Eldership (near  Dreverna), Klaipėdos rajono savivaldybė, Klaipėdos apskritis",Lithuania,,,0,"alarm call, call","Bird in reedbed. Unseen.",,957381,https://creativecommons.org/licenses/by-nc-sa/4.0/
